danceability,energy,loudness,speechiness,acousticness,instrumentalness,valence,tempo,id,mood,motivation,release_decade
0.367,0.111,-14.084,0.0972,0.978,3.97e-05,0.198,82.642,43zdsphuZLzwA9k4DJhU0I,0.0,0.0,2010s
0.369,0.272,-10.497,0.0364,0.866,0.0,0.218,172.929,5JCoSi02qi3jJeHdZXMmR8,0.0,0.0,2020s
0.614,0.379,-10.48,0.0476,0.607,0.000464,0.201,107.989,1HNkqx9Ahdgi1Ixy2xkKkL,0.0,0.0,2010s
0.567,0.267,-6.502,0.0299,0.839,1.46e-06,0.0592,110.011,1ZMiCix7XSAbfAJlEZWMCp,0.0,0.0,2010s
0.351,0.296,-10.109,0.0333,0.934,0.0,0.12,115.284,0u2P5u6lvoDfwTYjAADbn4,0.0,0.0,2010s
0.675,0.16,-11.667,0.0586,0.985,0.00688,0.247,69.754,2TzkIzgzIHhewMxyh1u4hh,0.0,0.0,2010s
0.784,0.689,-8.216,0.0385,0.759,0.00536,0.332,124.025,0z5yLgBmAtaylDYrgwzlpH,0.0,1.0,2020s
0.83,0.159,-14.461,0.0383,0.946,2.02e-05,0.189,104.95,0akyEssGRVHstqCSWXusJL,0.0,0.0,2010s
0.544,0.216,-17.237,0.0402,0.922,0.311,0.145,75.004,7dT9D6117e5DbhnKxDLNW9,0.0,0.0,2010s
0.66,0.379,-9.357,0.0543,0.798,0.0,0.0762,124.027,4l0RmWt52FxpVxMNni6i63,0.0,0.0,2020s
0.545,0.366,-9.51,0.0378,0.969,0.267,0.1,86.997,0QZ5yyl6B6utIWkxeBDxQN,0.0,0.0,2010s
0.556,0.319,-8.251,0.0281,0.893,0.0,0.294,135.187,1zwMYTA5nlNjZxYrvBB2pV,0.0,0.0,2010s
0.629,0.328,-8.284,0.029,0.768,2.5e-05,0.389,74.953,1TQXIltqoZ5XXyfCbAeSQQ,0.0,0.0,2010s
0.622,0.117,-10.055,0.0382,0.969,0.0,0.315,120.984,4brw4anhV4og38Rv6o1dBa,0.0,0.0,2010s
0.522,0.385,-7.355,0.0288,0.536,0.0,0.236,89.792,2RttW7RAu5nOAfq6YFvApB,0.0,0.0,2010s
0.541,0.153,-10.654,0.0303,0.882,1.66e-06,0.359,139.644,7F1CiKqrY44kh5cDqwHOnx,0.0,0.0,2010s
0.45,0.329,-12.603,0.0441,0.818,0.00109,0.266,71.884,1Xi84slp6FryDSCbzq4UCD,0.0,0.0,2010s
0.566,0.647,-6.815,0.0335,0.0477,0.0,0.22,111.96,1Ist6PR2BZR3n2z2Y5R6S1,0.0,1.0,2010s
0.498,0.235,-16.541,0.188,0.72,0.0,0.0895,118.917,4ZLzoOkj0MPWrTLvooIuaa,0.0,0.0,2010s
0.319,0.0561,-23.023,0.045,0.935,0.00384,0.082,79.764,0tMSssfxAL2oV8Vri0mFHE,0.0,0.0,2010s
0.502,0.168,-14.061,0.0486,0.885,0.0,0.355,112.881,219slQu3ALbTSAe9P22hvE,0.0,0.0,2020s
0.331,0.341,-6.057,0.0309,0.528,0.0,0.152,109.821,7B5Npv8NjjTCzk8PLpU66h,0.0,0.0,2010s
0.445,0.179,-12.938,0.0396,0.952,0.00056,0.119,72.246,4KlL5Bwlm4yHYxr0B2rHci,0.0,0.0,2010s
0.654,0.354,-7.358,0.0738,0.724,0.0,0.262,81.956,2x8oBuYaObjqHqgGuIUZ0b,0.0,0.0,2020s
0.405,0.111,-11.879,0.0369,0.964,4.37e-05,0.219,116.86,5sF7hdYvhrcgNq8NZjfK8L,0.0,0.0,2010s
0.481,0.81,-5.704,0.133,0.234,0.0,0.328,175.697,0mGvaKpwLYoybnIoboC3uS,0.0,1.0,2010s
0.795,0.238,-20.338,0.369,0.487,0.000106,0.399,100.996,30pCOQE19RvNmHq78Svlkm,0.0,0.0,2010s
0.47,0.235,-7.298,0.038,0.933,0.0,0.134,103.87,1UDToCUvhfhYrTFxA1Xi4w,0.0,0.0,2000s
0.505,0.207,-12.4,0.032,0.963,0.0122,0.323,109.708,3ppzEzYnSKIBZ2tndbmOLp,0.0,0.0,2010s
0.53,0.281,-8.274,0.0577,0.798,0.0,0.341,122.442,6U1iuA5QfzYRPJxvdcxqtf,0.0,0.0,2020s
0.637,0.723,-4.476,0.187,0.615,0.0,0.708,91.784,5BopknbHSxEm9Ohcs4IbGu,1.0,1.0,2020s
0.511,0.621,-8.751,0.123,0.471,9.72e-05,0.266,129.885,5zvJELVKAnPkscGc5aLKJI,0.0,1.0,2010s
0.397,0.303,-10.413,0.11,0.798,4.16e-06,0.17,170.22,0STK94RxUulYqWzwFlyAb5,0.0,0.0,2010s
0.296,0.351,-9.538,0.0352,0.823,1.45e-06,0.19,177.06,15xWRPHQMeqgdkGzInx3PY,0.0,0.0,2010s
0.483,0.361,-7.889,0.0738,0.832,4.66e-06,0.307,171.649,2ZTYlnhhV1UAReg7wIGolx,0.0,0.0,2020s
0.359,0.643,-6.076,0.0338,0.677,0.00222,0.322,140.927,1MtxOSpyeHEQEUV2NtkK1H,0.0,1.0,2020s
0.579,0.308,-7.797,0.0648,0.707,3.06e-06,0.206,139.778,78Kl2Yvf2XXEDXGFNXfYIr,0.0,0.0,2020s
0.531,0.347,-7.044,0.0345,0.905,0.0,0.289,114.441,41WTP0gosjYD74B06uS2tL,0.0,0.0,2010s
0.389,0.373,-5.72,0.047,0.928,0.0,0.283,90.289,3ArYVrRb0lDBLzuJJqIXzC,0.0,0.0,2010s
0.372,0.355,-8.436,0.03,0.754,0.0,0.142,126.705,6TYlDTa9AQDvjqwbxlvFyI,0.0,0.0,2020s
0.532,0.329,-7.982,0.0258,0.469,0.00027,0.333,85.956,6sycT6FiSI1YSERI9279qY,0.0,0.0,2020s
0.623,0.276,-8.893,0.0287,0.89,0.0,0.308,99.623,29f11nLUcMYQ2Ndbnb7N0o,0.0,0.0,2010s
0.644,0.784,-4.577,0.0286,0.0819,0.0,0.918,132.028,55BClNby0SuB7MHxp1Tdn8,1.0,1.0,2000s
0.612,0.198,-12.909,0.0363,0.686,0.000526,0.175,72.948,68jEeogcZVUYocQdPcFQlM,0.0,0.0,2020s
0.396,0.177,-10.277,0.0378,0.718,0.0,0.221,177.215,1a1SQeSqUKzH5OUVTEx4ae,0.0,0.0,2010s
0.735,0.327,-7.844,0.0487,0.915,6.98e-05,0.661,99.907,4ow2oAfYPMqLpY0RRUmBKL,1.0,0.0,2020s
0.299,0.399,-12.176,0.0376,0.816,0.00117,0.302,158.253,7qcXUzPwoxSBFxjTbNrV0B,0.0,0.0,2010s
0.329,0.277,-13.111,0.0302,0.971,0.024,0.121,159.719,4k7x3QKrc3h3U0Viqk0uop,0.0,0.0,2000s
0.406,0.399,-10.449,0.0278,0.756,0.678,0.163,142.83,3p4hRhMcb6ch8OLtATMaLw,0.0,0.0,2010s
0.697,0.336,-10.395,0.0424,0.598,0.00528,0.31,82.029,2TktkzfozZifbQhXjT6I33,0.0,0.0,2020s
0.504,0.308,-14.958,0.0321,0.868,0.135,0.121,113.95,3vkCueOmm7xQDoJ17W1Pm3,0.0,0.0,2020s
0.286,0.0847,-9.883,0.0397,0.934,6.94e-06,0.112,70.743,7sq2z9oX2S0CvgTqCZ0ko4,0.0,0.0,2020s
0.42,0.33,-13.925,0.0275,0.245,0.000679,0.175,157.143,1LzNfuep1bnAUR9skqdHCK,0.0,0.0,1990s
0.39,0.252,-9.666,0.0298,0.808,0.0,0.181,122.053,3WD91HQDBIavSapet3ZpjG,0.0,0.0,2010s
0.218,0.263,-14.416,0.0376,0.947,0.00028,0.307,170.724,3rJDsZjIaCfJQSqRUvl0BM,0.0,0.0,2010s
0.24,0.116,-13.216,0.0329,0.877,0.00092,0.0937,77.349,41cpvQ2GyGb2BRdIRSsTqK,0.0,0.0,2010s
0.402,0.129,-12.454,0.0417,0.978,3.27e-05,0.16,108.915,2NUIlCRqz6OxgGOipYqBCw,0.0,0.0,2020s
0.452,0.104,-22.394,0.0456,0.973,0.295,0.158,120.292,1LjVNoqN5YsWf9vGu2JzhF,0.0,0.0,2020s
0.285,0.311,-10.012,0.032,0.768,0.00183,0.0772,117.813,39Odj4vLKRarATkCA31gaW,0.0,0.0,2000s
0.334,0.212,-10.07,0.0355,0.908,0.000112,0.206,79.925,3pmZMUdxIKSu4YBVqGlyLe,0.0,0.0,2020s
0.44,0.317,-9.258,0.0531,0.891,4.78e-06,0.268,169.914,6xGruZOHLs39ZbVccQTuPZ,0.0,0.0,2020s
0.529,0.353,-12.835,0.0292,0.788,0.853,0.0601,104.557,7svpAkwc6xaSxlbZ7V7JiS,0.0,0.0,2010s
0.451,0.166,-11.125,0.0696,0.909,0.0,0.0901,121.123,7mMlbJlXXo2mRtQ4R9sIzD,0.0,0.0,2000s
0.293,0.131,-18.658,0.039,0.886,0.14,0.123,78.885,1kr0XkYcWe2HTuCFN3BuGA,0.0,0.0,2020s
0.66,0.267,-17.097,0.0443,0.895,0.142,0.311,72.242,6cpJNjQmY57lHVoVdAiFN8,0.0,0.0,2020s
0.401,0.132,-15.569,0.0355,0.938,0.102,0.0381,136.142,07XaOyTS5hyaWiUK1Bc3bR,0.0,0.0,2010s
0.454,0.385,-12.849,0.0313,0.287,9.97e-05,0.144,154.918,71BWZa1liIRyUiuJ3MB66o,0.0,0.0,2010s
0.369,0.192,-12.151,0.04,0.555,8.35e-06,0.148,175.212,3WMj8moIAXJhHsyLaqIIHI,0.0,0.0,2020s
0.696,0.0867,-25.203,0.0418,0.988,0.922,0.349,129.989,0Z94dtWElamDwU4NrcGoUR,0.0,0.0,2020s
0.324,0.136,-10.33,0.0318,0.931,0.00117,0.0831,97.256,3pRaLNL3b8x5uBOcsgvdqM,0.0,0.0,1990s
0.365,0.273,-16.526,0.038,0.94,0.431,0.238,132.285,0oTtnnedK0C4unALxVTPhz,0.0,0.0,2010s
0.645,0.144,-13.969,0.033,0.896,7.1e-05,0.333,93.08,2PehCKKeDxSVeOnkLuhp5l,0.0,0.0,2020s
0.457,0.343,-9.387,0.0305,0.805,0.0182,0.0562,119.94,0HEzuLLojblUOaUSdmJ9gl,0.0,0.0,2020s
0.572,0.155,-14.405,0.0344,0.835,0.000137,0.0949,109.923,18UsAG7SfOQ5sxJEdjAMH0,0.0,0.0,2010s
0.339,0.243,-12.512,0.056,0.869,0.00369,0.183,154.909,46RNrAkGsqWTDrv2ZPOAbx,0.0,0.0,2020s
0.418,0.264,-14.483,0.036,0.923,0.00149,0.134,112.05,52TZItSmEl1Cb3Ai55Bwdi,0.0,0.0,2020s
0.534,0.392,-7.636,0.0267,0.649,0.000227,0.163,90.379,28cnXtME493VX9NOw9cIUh,0.0,0.0,2000s
0.508,0.792,-7.311,0.0297,0.229,0.124,0.601,147.067,7H0ya83CMmgFcOhw0UB6ow,1.0,1.0,2010s
0.618,0.155,-17.031,0.0799,0.811,3.3e-05,0.305,105.325,6BqrPvrPOwpYkdLCgSqtVB,0.0,0.0,2000s
0.516,0.322,-11.762,0.0292,0.473,0.00194,0.261,148.005,2L9N0zZnd37dwF0clgxMGI,0.0,0.0,2020s
0.331,0.114,-14.338,0.0358,0.957,0.000135,0.236,182.538,7l6XeAZ3nkrSt1DmXaRXyi,0.0,0.0,2020s
0.587,0.229,-11.254,0.128,0.92,0.0,0.379,75.67,6Kkt27YmFyIFrcX3QXFi2o,0.0,0.0,2010s
0.708,0.186,-8.953,0.042,0.868,0.0,0.322,72.541,6J2LdBN97cDWn0MLxYh9HB,0.0,0.0,2020s
0.464,0.126,-16.383,0.0647,0.816,3.67e-06,0.181,103.176,6pPLhloHxLWiMlAT5Xn1gw,0.0,0.0,2020s
0.519,0.612,-7.1,0.0254,0.181,7.08e-06,0.158,134.046,4kFmM894Q4sgHDl4pZalza,0.0,1.0,2010s
0.303,0.187,-16.757,0.0356,0.989,0.489,0.213,132.731,0V5cvmTKsYmF5FmGGEAfmS,0.0,0.0,2010s
0.23,0.0971,-27.043,0.0415,0.934,0.764,0.133,134.926,2EuqgpA1cTC95AQUgCcZHk,0.0,0.0,2010s
0.298,0.38,-8.426,0.0287,0.778,5.62e-05,0.152,75.602,4pvb0WLRcMtbPGmtejJJ6y,0.0,0.0,2020s
0.412,0.236,-15.159,0.0379,0.83,0.00653,0.119,140.214,3GYlZ7tbxLOxe6ewMNVTkw,0.0,0.0,2020s
0.592,0.263,-14.029,0.0568,0.845,5.68e-06,0.109,76.366,3B3eOgLJSqPEA0RfboIQVM,0.0,0.0,2000s
0.605,0.299,-11.192,0.0264,0.751,0.474,0.181,109.008,21JL0gpeAYgbSUmzhgSPJz,0.0,0.0,2010s
0.419,0.383,-11.782,0.0256,0.0724,0.0176,0.35,87.568,2a1iMaoWQ5MnvLFBDv4qkf,0.0,0.0,1990s
0.523,0.0774,-23.594,0.0631,0.937,0.886,0.354,135.207,1JbUMtVkQuaAPdHOvncVTm,0.0,0.0,1990s
0.424,0.157,-18.141,0.0428,0.95,0.0593,0.342,91.537,3zsRP8rH1kaIAo9fmiP4El,0.0,0.0,2010s
0.49,0.104,-13.208,0.0635,0.964,0.0,0.278,86.675,0fB77VOZ2FkQeKLv1DuEwp,0.0,0.0,2010s
0.431,0.284,-11.858,0.0432,0.871,0.000136,0.229,98.317,7x8pIrhMu9FCmqqHNyuH0P,0.0,0.0,2010s
0.543,0.311,-10.018,0.0361,0.857,0.000684,0.134,126.86,3elOzp9X3B8vMGhJBWzbIF,0.0,0.0,2010s
0.523,0.769,-5.855,0.0269,0.04,0.0,0.876,136.162,0WQiDwKJclirSYG9v5tayI,1.0,1.0,1980s
0.672,0.129,-12.984,0.0336,0.888,6.03e-05,0.17,114.935,3Xy4XTx8YUspuzOAP1VteX,0.0,0.0,2010s
0.329,0.167,-13.103,0.0296,0.913,9.56e-05,0.0995,74.174,08YEGpKt2LHJ0URCXKHEie,0.0,0.0,2000s
0.52,0.341,-12.66,0.0534,0.842,0.0193,0.052,140.914,5VYCCPct242jtbidE13EKK,0.0,0.0,2010s
0.415,0.11,-14.901,0.0388,0.951,0.00236,0.234,81.876,1C042FLYy7rP3MfnkOcnha,0.0,0.0,2010s
0.715,0.32,-10.74,0.0293,0.887,1.46e-05,0.23,107.87,0PU4uOzbHVnGsRHyGhiDCr,0.0,0.0,2020s
0.546,0.128,-13.162,0.0393,0.943,0.0225,0.326,119.037,2NE61HPxiQyPbNhggQqrzG,0.0,0.0,2010s
0.667,0.314,-14.966,0.0479,0.961,0.78,0.322,92.384,0bPiyfCmBIWqDDQZ6KqFXu,0.0,0.0,2010s
0.393,0.0668,-20.755,0.0404,0.963,0.105,0.0384,136.938,7BSMSvK0WxrDeI98bswYa8,0.0,0.0,2010s
0.594,0.338,-11.365,0.039,0.85,0.0592,0.14,119.605,4Omfr1OV4e0eaLcPe5JFRa,0.0,0.0,2000s
0.623,0.143,-14.264,0.0337,0.922,0.0,0.305,95.503,5Q9uicfLDEFlfUgdwLeMG9,0.0,0.0,2020s
0.538,0.676,-8.846,0.038,0.665,7.98e-06,0.158,82.522,2fBL047Cv32R3UFEup6xkP,0.0,1.0,2010s
0.686,0.721,-4.476,0.17,0.612,0.0,0.713,92.036,5AQTFpm3oDPTenmw5Lmfoi,1.0,1.0,2020s
0.569,0.164,-23.189,0.0477,0.415,4.23e-06,0.193,75.015,4kRYzAthqHDQNaY9ojIrzp,0.0,0.0,2020s
0.643,0.371,-11.466,0.0925,0.0947,0.0251,0.262,84.974,5dpVR1rDmop49jmnv58bzQ,0.0,0.0,2020s
0.773,0.747,-9.091,0.0302,0.0512,0.014,0.778,125.049,79fsfEopCeTW5EHoULRxrB,1.0,1.0,2020s
0.64,0.364,-8.411,0.0317,0.617,0.0,0.261,120.028,2XcLjDHtCBm4ZxW6OBNVow,0.0,0.0,2020s
0.694,0.366,-8.365,0.0482,0.28,1.97e-05,0.0965,74.986,4DfhsWuqZonO5URxvwkBSK,0.0,0.0,2010s
0.833,0.602,-7.399,0.0419,0.0207,0.0,0.771,109.987,4cnxBdA0DtORMDlbuRPFqK,1.0,1.0,2020s
0.658,0.133,-11.254,0.0352,0.901,0.0,0.122,91.054,6UR5tB1wVm7qvH4xfsHr8m,0.0,0.0,2010s
0.706,0.622,-6.032,0.113,0.493,0.0,0.615,90.022,16DNJ8y6k97DxuMyV49W7V,1.0,1.0,2020s
0.344,0.384,-7.064,0.0317,0.629,0.000445,0.334,163.664,5rcnAHBclBs0OGV4rATEnR,0.0,0.0,2020s
0.715,0.729,-4.633,0.146,0.178,0.0,0.294,106.657,1WMMrUKNFsnEG2csDURxhb,0.0,1.0,2010s
0.405,0.102,-12.794,0.0438,0.644,1.84e-06,0.202,134.303,7AxKYTuOktAVkEFGS9Szjd,0.0,0.0,2020s
0.637,0.236,-8.634,0.0797,0.133,0.0,0.266,118.85,4PMi46eDFyLmHKKtVTrDGb,0.0,0.0,2020s
0.505,0.636,-5.214,0.037,0.501,0.0,0.283,169.87,6WeJGp7MB7sEEf9InLEvh1,0.0,1.0,2020s
0.577,0.363,-12.378,0.0263,0.86,0.000282,0.265,91.511,75UMtPC77vqKRwfSuYuNPO,0.0,0.0,2010s
0.68,0.28,-8.51,0.0336,0.843,0.0,0.146,114.047,5JAQUTIpKkbccoFiJlYrV0,0.0,0.0,2020s
0.862,0.306,-13.58,0.0499,0.76,0.0,0.772,120.005,0ZGNuav3HfUf1iOLoF3CaO,1.0,0.0,2010s
0.535,0.322,-11.973,0.0268,0.724,0.537,0.373,100.094,0xiWL57UTktlNUber1k7kW,0.0,0.0,2020s
0.917,0.377,-5.132,0.161,0.474,0.00367,0.398,134.994,6f4LYJwICqxoAILj82kwB0,0.0,0.0,2020s
0.577,0.859,-5.387,0.101,0.177,0.0,0.877,173.954,5H71u2ItpVo99e5KbLEvX9,1.0,1.0,2020s
0.703,0.694,-4.808,0.0607,0.436,5.8e-06,0.298,95.0,7k3qWn8D43a5ISa3x8lJux,0.0,1.0,2020s
0.639,0.703,-6.33,0.0794,0.0889,1.78e-06,0.138,169.888,4gzsuuZypVbxs0Af1LSZyB,0.0,1.0,2020s
0.604,0.21,-12.793,0.0346,0.914,0.0353,0.166,83.001,3kc4EBrXw7K3ACbeODqFOD,0.0,0.0,2020s
0.604,0.281,-12.601,0.202,0.00786,0.708,0.0384,98.009,0R5IvvfNpYht3eeBQU4089,0.0,0.0,2020s
0.856,0.618,-4.892,0.286,0.0303,0.0,0.391,81.993,2XIc1pqjXV3Cr2BQUGNBck,0.0,1.0,2020s
0.753,0.68,-7.749,0.196,0.29,0.0021,0.351,149.993,17NW5LLmN6PXrUdknZ6iT1,0.0,1.0,2010s
0.77,0.622,-10.621,0.026,0.328,0.00603,0.792,115.952,3HOKxuTDmNVmIlCIpBiD8m,1.0,1.0,2020s
0.744,0.827,-3.757,0.305,0.473,6.49e-05,0.311,104.851,4tQofG51E0juZBBVr6pral,0.0,1.0,2020s
0.73,0.849,-5.281,0.0299,0.00234,2.6e-05,0.887,117.31,4tKGFmENO69tZR9ahgZu48,1.0,1.0,2000s
0.514,0.73,-5.934,0.0598,0.00146,9.54e-05,0.334,171.005,0VjIjW4GlUZAMYd2vXMi3b,0.0,1.0,2020s
0.706,0.8,-6.333,0.0399,0.00584,0.0,0.629,100.011,3U5JVgI2x4rDyHGObzJfNf,1.0,1.0,2000s
0.671,0.845,-4.93,0.048,0.0207,0.0,0.775,110.056,1vYXt7VSjH9JIM5oRRo7vA,1.0,1.0,2020s
0.561,0.965,-3.673,0.0343,0.00383,7.07e-06,0.304,128.04,4uUG5RXrOk84mYEfFvj3cK,0.0,1.0,2020s
0.704,0.797,-5.927,0.0475,0.0826,0.000745,0.825,139.994,4h9wh7iOZ0GGn8QVp4RAOB,1.0,1.0,2020s
0.671,0.876,-5.681,0.0352,0.12,0.188,0.964,129.998,23RoR84KodL5HWvUTneQ1w,1.0,1.0,2020s
0.788,0.859,-2.724,0.0856,0.281,0.0,0.822,141.02,50nfwKoDiSYg8zOCREWAm5,1.0,1.0,2020s
0.498,0.897,-4.907,0.045,0.00136,0.0,0.373,169.902,5w40ZYhbBMAlHYNDaVJIUu,0.0,1.0,2020s
0.743,0.837,-7.634,0.0633,0.00288,2.86e-05,0.378,126.023,4ZnkygoWLzcGbQYCm3lkae,0.0,1.0,2020s
0.602,0.91,-3.404,0.0308,0.00126,0.000174,0.228,127.944,3BKD1PwArikchz2Zrlp1qi,0.0,1.0,2020s
0.856,0.609,-7.223,0.0824,0.00801,8.15e-05,0.928,114.988,32OlwWuMpZ6b0aN2RZOeMS,1.0,1.0,2010s
0.771,0.671,-5.617,0.0553,0.00929,0.0,0.714,85.026,6RRNNciQGZEXnqk8SQ9yv5,1.0,1.0,2010s
0.746,0.765,-4.41,0.0993,0.0112,0.0,0.737,114.044,5QDLhrAOJJdNAmCTJ8xMyW,1.0,1.0,2020s
0.697,0.683,-2.881,0.117,0.0372,0.0,0.603,96.133,2BgEsaKNfHUdlh97KmvFyo,1.0,1.0,2010s
0.647,0.822,-4.662,0.183,0.219,0.0,0.962,160.019,60nZcImufyMA1MKQY3dcCH,1.0,1.0,2010s
0.842,0.734,-5.065,0.0588,0.0427,0.0,0.952,137.958,22vgEDb5hykfaTwLuskFGD,1.0,1.0,2010s
0.898,0.732,-3.982,0.0427,0.621,1.29e-05,0.96,115.955,6maTPqynTmrkWIralgGaoP,1.0,1.0,2020s
0.697,0.875,-4.621,0.034,0.137,0.0,0.774,140.069,5r43qanLhUCdBj8HN3fa6B,1.0,1.0,2020s
0.61,0.83,-4.105,0.0571,0.033,0.0,0.728,182.162,2Rk4JlNc2TPmZe2af99d45,1.0,1.0,2010s
0.824,0.862,-3.424,0.126,0.0076,0.000132,0.801,122.98,4cG7HUWYHBV6R6tHn1gxrl,1.0,1.0,2020s
0.758,0.913,-2.926,0.113,0.00364,6.92e-05,0.658,128.04,0b18g3G5spr4ZCkz7Y6Q0Q,1.0,1.0,2020s
0.734,0.874,-3.158,0.0662,0.168,1.14e-05,0.905,122.953,6cx06DFPPHchuUAcTxznu9,1.0,1.0,2020s
0.912,0.774,-4.673,0.0455,0.121,0.0127,0.632,119.966,10xV5l9nhLvFpR8mqzs0bL,1.0,1.0,2020s
0.652,0.879,-6.405,0.0784,0.00284,0.0896,0.789,173.925,5VxmI3IdgAxWVvUnJoLuY2,1.0,1.0,2020s
0.787,0.833,-4.403,0.0478,0.018,0.00747,0.796,123.97,6Dy1jexKYriXAVG6evyUTJ,1.0,1.0,2020s
0.756,0.697,-6.377,0.0401,0.182,0.0,0.956,94.996,0QBzMgT7NIeoCYy3sJCof1,1.0,1.0,2020s
0.762,0.701,-3.541,0.0286,0.235,0.000158,0.742,110.968,748mdHapucXQri7IAO8yFK,1.0,1.0,2020s
0.57,0.756,-3.394,0.0257,0.0497,0.0,0.72,91.972,5FQ77Cl1ndljtwwImdtjMy,1.0,1.0,2020s
0.794,0.793,-4.521,0.0842,0.0125,0.0,0.677,123.941,6WrI0LAC5M1Rw2MnX2ZvEg,1.0,1.0,2010s
0.685,0.738,-4.413,0.0595,0.0695,0.0,0.8,112.972,4N5s8lPTsjI9EGP7K4SXzB,1.0,1.0,2020s
0.701,0.88,-4.56,0.0358,0.182,7.33e-06,0.623,124.039,4q05KbxYZ5JdkmrletgPjF,1.0,1.0,2020s
0.798,0.675,-5.041,0.0442,0.0912,0.0,0.842,101.956,3HVWdVOQ0ZA45FuZGSfvns,1.0,1.0,2010s
0.72,0.715,-4.652,0.04,0.258,0.0568,0.357,107.041,5LYMamLv12UPbemOaTPyeV,0.0,1.0,2020s
0.744,0.621,-7.931,0.242,0.216,0.00119,0.701,128.105,44MuEHdlociG8KjhPhOVw5,1.0,1.0,2020s
0.836,0.743,-6.305,0.0656,0.0995,0.0,0.722,108.966,1PckUlxKqWQs3RlWXVBLw3,1.0,1.0,2020s
0.612,0.862,-2.903,0.037,0.041,0.0,0.354,123.849,4laAKIq9ZxBCwf99rauPYb,0.0,1.0,2020s
0.717,0.671,-5.077,0.0337,0.0018,2.54e-06,0.699,110.054,6f5ExP43esnvdKPddwKXJH,1.0,1.0,2020s
0.659,0.615,-5.865,0.0644,0.27,0.0,0.193,119.843,4GSDkZt7GcmzBWmsMcpaVO,0.0,1.0,2010s
0.669,0.832,-5.721,0.0682,0.0106,0.0,0.7,113.035,1WkMMavIMc4JZ8cfMmxHkI,1.0,1.0,2010s
0.789,0.711,-4.248,0.041,0.0332,0.0,0.753,112.985,59qrUpoplZxbIZxk6X0Bm3,1.0,1.0,2020s
0.563,0.908,-4.25,0.0868,0.0696,0.0,0.171,125.972,14LdhxElpZS0rKVV4nxtdA,0.0,1.0,2020s
0.736,0.754,-5.457,0.0443,0.033,0.000599,0.648,128.046,3xY5aYJcdvZX9xQxNd02ku,1.0,1.0,2020s
0.745,0.694,-7.519,0.128,0.0962,0.0,0.74,95.924,4x2rgtSFOI4hRvEvDj02KP,1.0,1.0,2000s
0.731,0.626,-6.919,0.0805,0.125,0.0,0.862,82.488,1sx0XsWUusUoPstbvokZjP,1.0,1.0,2020s
0.748,0.841,-5.08,0.177,0.00445,1.33e-06,0.717,123.045,5pNFibJLq7dvoDVIIcQBkn,1.0,1.0,2020s
0.715,0.738,-4.42,0.0577,0.00199,0.0,0.36,160.07,1mFpMoeZfkIqtqW2AfQ8ba,0.0,1.0,2020s
0.647,0.765,-6.459,0.06,0.111,0.0,0.855,79.994,58UKC45GPNTflCN6nwCUeF,1.0,1.0,2020s
0.721,0.769,-4.111,0.105,0.0922,0.0,0.915,155.932,2rmwqU7yzTvzkiaRV53DpT,1.0,1.0,2020s
0.73,0.804,-4.84,0.0436,0.225,2.63e-06,0.904,139.997,0irVirJrUjHFk3ywECVsGT,1.0,1.0,2020s
0.814,0.628,-7.178,0.221,0.167,0.0,0.677,123.977,7mFj0LlWtEJaEigguaWqYh,1.0,1.0,2020s
0.672,0.855,-3.764,0.0397,0.021,0.0,0.646,123.056,24ySl2hOPGCDcxBxFIqWBu,1.0,1.0,2020s
0.852,0.698,-7.206,0.0629,0.00839,1.03e-06,0.324,113.039,4wNIkl5XGiAACjFBlDWuSd,0.0,1.0,2020s
0.698,0.895,-4.439,0.0628,0.172,1.45e-05,0.838,114.914,3i0FkJYlU4MFfYkjFHXXAM,1.0,1.0,2020s
0.681,0.657,-4.671,0.0432,0.0748,0.0,0.628,130.089,2Xnv3GntqbBH1juvUYSpHG,1.0,1.0,2020s
0.61,0.74,-5.817,0.0984,0.124,0.0,0.69,97.051,3OGm8bgXa8EHyt1PPkdxBM,1.0,1.0,2000s
0.734,0.889,-6.252,0.0713,0.21,0.0,0.955,108.057,1O6Sep0cC9AU8U0qKIjZws,1.0,1.0,2000s
0.823,0.797,-4.966,0.0365,0.309,1.24e-06,0.964,108.913,1vTMLccij4mIkEecC1Nomt,1.0,1.0,2000s
0.674,0.862,-3.923,0.0316,0.084,0.0,0.736,97.991,1en4qIVBqLMnRcgVPbwBze,1.0,1.0,2000s
0.515,0.852,-4.88,0.0726,0.224,0.0,0.645,167.005,1DkWjjvEEYkzX7yHvnJJ0y,1.0,1.0,2010s
0.711,0.864,-6.092,0.0324,0.102,0.0,0.829,96.999,5wAoZTrfMSSvxH2GZ0cji5,1.0,1.0,2010s
0.569,0.806,-4.861,0.0292,0.0259,0.0,0.737,105.082,13RP005cDlNlZD23CIRUb1,1.0,1.0,2000s
0.644,0.605,-7.096,0.0367,0.275,0.0,0.189,104.88,29YKINI3hMn6dI3gZOWpuq,0.0,1.0,2010s
0.545,0.919,-3.215,0.154,0.172,0.0,0.699,129.845,6nEH8VwvfbKhvLMUJtDeju,1.0,1.0,2010s
0.74,0.859,-4.742,0.033,0.0365,1.08e-05,0.782,130.011,1nO4EGuBjR75IGbFYzqPxO,1.0,1.0,2010s
0.668,0.747,-4.896,0.0351,0.316,0.0,0.653,97.997,1Vy4p556th5iik2srUJ19y,1.0,1.0,2000s
0.65,0.879,-3.176,0.0328,0.324,0.0,0.899,105.015,3tm3GG9BBOYhUzKWlS6A74,1.0,1.0,2010s
0.657,0.882,-4.182,0.0726,0.384,0.0,0.819,92.004,0DaQUiCdffAGsHcXR32TIj,1.0,1.0,2000s
0.76,0.904,-4.231,0.118,0.486,0.0,0.792,109.987,7z08JryaNyZcSYIP9MNMXc,1.0,1.0,2000s
0.659,0.79,-3.474,0.0686,0.0632,0.0,0.613,130.049,4EogsKdQuqHzdnSCMYxpxi,1.0,1.0,2010s
0.68,0.864,-5.39,0.0472,0.186,0.0,0.868,104.994,6YHYQ8qvOK3ALFxKzWZKeZ,1.0,1.0,2010s
0.738,0.839,-3.429,0.0273,0.476,8.98e-06,0.806,111.978,1BhVIZ0fuduQfpB7AD3AeY,1.0,1.0,2000s
0.695,0.954,-3.501,0.0607,0.0183,0.0,0.796,124.961,2wlptOJ1g5fvLdu6ruKCKU,1.0,1.0,2010s
0.644,0.904,-4.675,0.0406,0.0126,0.0,0.724,98.994,3rgTgwr3wWYtOXSCsdbHOA,1.0,1.0,2010s
0.654,0.839,-4.9,0.108,0.0653,0.0,0.706,109.963,1clnoQ7g8iOMj1o6Co1Qcm,1.0,1.0,2000s
0.494,0.934,-3.756,0.053,0.00297,0.0,0.612,89.993,3QbDHI2exGSlGxKQNQulOx,1.0,1.0,2000s
0.491,0.877,-3.758,0.0425,0.000259,0.0,0.819,138.31,19vhfSUgVJO2enJ6XidUGO,1.0,1.0,1990s
0.669,0.893,-3.999,0.158,0.23,0.0,0.954,169.836,5z5ZPGWYKkmY0LkCt9pMfW,1.0,1.0,2010s
0.723,0.886,-4.763,0.0513,0.0486,3.03e-06,0.94,112.997,48cIfgkViIh8oABAfzZ0yV,1.0,1.0,2010s
0.674,0.921,-3.515,0.0426,0.117,0.0,0.804,92.989,5fQ92ZcbeS2fF3YezS7B61,1.0,1.0,2010s
0.645,0.817,-4.14,0.0748,0.488,0.0,0.939,171.693,2jU2rtVP2gJlb6nV1HWVrY,1.0,1.0,2010s
0.597,0.82,-2.047,0.0313,0.115,0.000276,0.749,113.937,0QiVMosRKD20eMAYssCb9v,1.0,1.0,2010s
0.635,0.822,-5.684,0.0384,0.0168,0.0,0.772,117.022,1DGkjBQ6hDj9QbLszBx0pB,1.0,1.0,2010s
0.464,0.842,-3.64,0.269,0.0597,0.0,0.957,89.759,0fjRYHFz9ealui1lfnN8it,1.0,1.0,2010s
0.462,0.715,-5.388,0.0517,0.0252,0.0,0.359,171.623,2wXBcAAxqEQKeQGXr5tPdA,0.0,1.0,2010s
0.817,0.76,-5.06,0.0594,0.483,0.00215,0.849,104.014,0yp6jw6F0LNnjbxLejWaPK,1.0,1.0,2000s
0.479,0.834,-4.328,0.0362,0.00167,0.0,0.282,139.965,3hGrHlie1Z4SHsEW4n3Kl1,0.0,1.0,2010s
0.607,0.851,-5.118,0.0411,0.0514,0.0,0.746,106.057,6voJQ4v9cbepDzOs4Zw8Hn,1.0,1.0,2010s
0.691,0.8,-5.53,0.0467,0.117,0.0,0.91,103.846,3pJfWEBxmRDfS3hM7lAphp,1.0,1.0,2000s
0.624,0.698,-6.262,0.03,0.384,0.0,0.946,151.519,1layZXCAmJ84fi21OmnTt5,1.0,1.0,1990s
0.838,0.826,-6.855,0.0707,0.372,3.29e-05,0.935,100.023,1MjZtRVDrgyq6cPJySw8Jw,1.0,1.0,2000s
0.758,0.935,-3.617,0.107,0.0176,0.000199,0.886,113.038,2fDdq9ZHy4fpGjyENU5fjp,1.0,1.0,2010s
0.604,0.697,-4.802,0.0546,0.217,0.0,0.82,82.034,1IJTF2xPcGBAsjbNzEJ8yv,1.0,1.0,2010s
0.597,0.852,-4.596,0.0566,0.0486,0.0,0.856,105.943,0RfdqdQUFLCYvXUPXO2tYD,1.0,1.0,2010s
0.824,0.875,-3.798,0.0406,0.446,0.0,0.965,97.494,02ttUjhQlzDipgIQr49Ixq,1.0,1.0,2010s
0.582,0.908,-4.34,0.0371,0.000648,0.0231,0.866,106.998,5fvUjWFwYnmhXH1cWht8ne,1.0,1.0,2010s
0.601,0.939,-4.015,0.0608,0.202,0.0,0.831,107.922,4xPh8cElCSHTGQapHl4EY4,1.0,1.0,2010s
0.563,0.722,-5.201,0.0617,0.0839,0.0,0.349,159.937,5H7mte3M79SpIQBpHgp4hQ,0.0,1.0,2010s
0.795,0.697,-6.362,0.0347,0.834,0.00111,0.851,93.987,4fvjKc1K0FUpVfh4jBoLL1,1.0,1.0,2010s
0.741,0.947,-3.45,0.0865,0.0556,0.0708,0.628,125.017,5knpjYe5JevJjfCXKwr33l,1.0,1.0,2010s
0.731,0.822,-5.455,0.0467,0.306,0.0,0.851,94.977,6VFytIFJB96QQWVIYUkjPW,1.0,1.0,2010s
0.619,0.733,-5.805,0.084,0.109,0.0,0.739,97.014,2fORi3Bs7HHaAOLcaD50ZV,1.0,1.0,2000s
0.583,0.83,-5.361,0.0262,0.00463,0.0,0.725,127.006,5d0Ji6Poqvmtz9lzdpWd7F,1.0,1.0,2010s
0.784,0.706,-8.057,0.0348,0.237,0.0,0.691,118.635,5k0lW26irHJFvE9srPD6ag,1.0,1.0,2010s
0.667,0.69,-8.506,0.0972,0.0747,0.0,0.61,78.87,3m8qGT5waagsTxTeSYs2Tc,1.0,1.0,1990s
0.802,0.823,-5.345,0.0374,0.572,3.24e-06,0.829,96.037,1HTkMJ3ItY2NYfrmCGcjYx,1.0,1.0,2010s
0.708,0.775,-5.834,0.06,0.804,0.0,0.889,149.992,6M0RL3b783qpUXFT11QJZR,1.0,1.0,2000s
0.692,0.853,-5.709,0.0476,0.372,1.58e-05,0.708,82.03,5AhAArPfiKdrYo4XjDup3h,1.0,1.0,2010s
0.663,0.903,-8.001,0.0495,0.203,0.0,0.97,104.984,5hmp9WViHvIcgOyl1zaaDM,1.0,1.0,2010s
0.525,0.676,-4.554,0.0299,0.195,0.0,0.224,141.924,6sXknJhAEuknsWCdCht57v,0.0,1.0,2010s
0.68,0.618,-3.557,0.0263,0.164,0.0,0.645,94.011,3ssTEKJaW7po2GOjXltXyF,1.0,1.0,2010s
0.759,0.667,-8.817,0.0365,0.149,3.03e-06,0.787,89.986,30bwJZtBap20HYPB7O1ssI,1.0,1.0,2000s
0.541,0.738,-4.163,0.0258,0.00775,0.00491,0.779,90.02,5lctfa7eYSdVEKMaPno2SM,1.0,1.0,2000s
0.65,0.796,-4.635,0.0302,0.353,0.0,0.779,153.98,3vHyHW4NRa1tfUbGe37apq,1.0,1.0,2010s
0.531,0.915,-5.601,0.0563,0.277,0.0,0.353,143.979,2RwhZKJGtijFVhNSg73Pyp,0.0,1.0,2010s
0.598,0.838,-2.622,0.0527,0.652,0.0,0.955,172.178,367Cb3sFU9yiHJ9T3vciHk,1.0,1.0,2000s
0.634,0.798,-5.69,0.0392,0.294,0.0,0.76,109.985,4gH3ZZgTokyO3ytwa9tr1I,1.0,1.0,1990s
0.786,0.783,-5.729,0.0691,0.381,0.0,0.819,110.041,1lnImJixf8HOCwPfIapXDe,1.0,1.0,2010s
0.399,0.846,-7.064,0.321,0.617,0.0,0.825,74.401,6kOQ6d3zhJ3yg6G9FMfvBg,1.0,1.0,2010s
0.823,0.941,-5.769,0.0668,0.0689,2.17e-06,0.952,113.447,2JZ2GLrcM4Mh2sJ7ngfIqS,1.0,1.0,2010s
0.795,0.616,-5.281,0.06,0.417,0.0,0.815,110.015,6ukMqDxnOPOgoHdak7Kyp3,1.0,1.0,2010s
0.627,0.813,-6.449,0.0827,0.0271,0.0,0.832,92.054,6t07nvmkKc3PIEJHuH5utE,1.0,1.0,2010s
0.635,0.769,-3.936,0.0277,0.0622,0.0,0.324,110.025,5z1O88iXSwRkP1lqi2mBa7,0.0,1.0,2010s
0.686,0.642,-6.912,0.192,0.295,0.0,0.774,172.164,5qvqomWrw5MkcTVqO0livr,1.0,1.0,2000s
0.718,0.895,-6.199,0.261,0.341,0.0,0.805,101.058,7BHiGNHqbH89W8ftWrI3tc,1.0,1.0,2010s
0.634,0.79,-3.832,0.202,0.461,0.0,0.924,97.23,5YxgSArh0FDP0CEDuZcYnC,1.0,1.0,1980s
0.589,0.91,-3.68,0.211,0.0299,0.0,0.89,191.928,1tmwswvJnwOIrskyCKVsgv,1.0,1.0,2010s
0.722,0.913,-4.147,0.0672,0.0611,0.0,0.876,95.123,6ehhc5vtZ33S9lPBQ0bvPN,1.0,1.0,2020s
0.757,0.736,-6.369,0.259,0.165,0.0,0.789,106.816,7fIPv9eFhoV6eQHljiu6Mm,1.0,1.0,2020s
0.607,0.648,-3.863,0.0277,0.346,0.0,0.644,150.02,2Ce5YYNHGDQDF5nVg7IglV,1.0,1.0,2010s
0.301,0.752,-4.534,0.0426,0.649,2.6e-06,0.33,133.437,5gIJUxM9v2DIWV3EWPAx47,0.0,1.0,2010s
0.869,0.15,-15.811,0.293,0.496,0.0,0.886,67.523,5oKlSLcbGzGtNQXHIRFHDp,1.0,0.0,2000s
0.619,0.876,-6.253,0.0538,0.342,0.0,0.772,100.962,3T07pNAEVr9adeIG9i1ex4,1.0,1.0,2000s
0.617,0.738,-5.798,0.0898,0.117,0.0,0.727,97.027,57czXcIM8Kw8Cs1MJ5bmMa,1.0,1.0,2000s
0.656,0.877,-3.231,0.0342,0.345,0.0,0.894,105.018,3QHMxEOAGD51PDlbFPHLyJ,1.0,1.0,2010s
0.743,0.965,-4.83,0.0536,0.211,0.0,0.741,114.23,2mKS9ECgxNSRQgmQO7CY8x,1.0,1.0,2000s
0.811,0.702,-6.657,0.0423,0.187,0.0,0.843,100.983,5gtSriu6pu5x6mGlPe4SPf,1.0,1.0,2000s
0.656,0.809,-4.235,0.0305,0.035,0.0,0.851,130.982,75hfPTtNhiqUglKXIVOaju,1.0,1.0,2010s
0.2,0.628,-5.263,0.034,0.542,0.0,0.132,167.385,7e3mCGbRFSsYmnGuQf9rMk,0.0,1.0,1990s
0.668,0.678,-10.317,0.056,0.00293,0.0,0.657,120.029,7DD1ojeTUwnW65g5QuZw7X,1.0,1.0,1980s
0.659,0.112,-16.203,0.0423,0.881,0.0,0.334,76.307,4HjJObUPh2jjogKo7PQhfo,0.0,0.0,2020s
0.781,0.797,-5.815,0.0286,0.14,8.69e-05,0.848,129.963,6cRvHL1jwsAktcEcukPYmp,1.0,1.0,2020s
0.591,0.785,-7.768,0.161,0.161,0.0,0.785,106.002,3eSJmGWqoBRx5wbFCtvPtz,1.0,1.0,2020s
0.677,0.116,-15.703,0.0412,0.909,2.59e-05,0.68,85.1,3bINd6fURyFLT0sQwkjbCG,1.0,0.0,2010s
0.45,0.878,-4.592,0.0827,0.0071,0.0,0.744,199.844,0XFQb7pNfT90A7fRxjMWgz,1.0,1.0,2020s
0.704,0.764,-6.508,0.026,0.167,0.0,0.709,100.018,5Z3eEWd02O1RekV96ohDPx,1.0,1.0,2020s
0.695,0.958,-3.778,0.0827,0.0148,7.16e-06,0.711,108.054,2nTlUSqBKN7FVsqD9y4MSf,1.0,1.0,2000s
0.652,0.911,-3.755,0.0423,0.0143,0.0,0.791,98.971,4plaA2BKVLMf4EOn6Fmu2Y,1.0,1.0,2010s
0.699,0.698,-6.12,0.0416,0.0275,0.000125,0.664,134.018,78EKCMqwOursWwzfQ6ojZg,1.0,1.0,2010s
0.7,0.739,-5.13,0.0783,0.118,0.0,0.327,139.918,75nzPY83rlUbGV8MedvZho,0.0,1.0,2010s
0.813,0.735,-4.982,0.0776,0.482,0.00187,0.853,104.056,3zoYQLfNEvJ7UvQ4em2vsT,1.0,1.0,2000s
0.666,0.863,-6.928,0.0707,0.452,0.0,0.913,116.153,3ros46b4Zl4KFqZ8vZZU7W,1.0,1.0,1990s
0.639,0.819,-5.866,0.04,0.0217,2.31e-05,0.863,147.997,5Z8kZvVpjvgg8NuHKr9Ijs,1.0,1.0,1990s
0.656,0.809,-4.235,0.0305,0.035,0.0,0.851,130.982,1pMTNTr51rGKYrDfv4aygB,1.0,1.0,2010s
0.652,0.757,-6.819,0.153,0.286,0.0,0.962,159.911,6NPVjNh8Jhru9xOmyQigds,1.0,1.0,2010s
0.681,0.163,-22.597,0.165,0.881,7.62e-05,0.771,69.283,5YbgcwHjQhdT1BYQ4rxWlD,1.0,0.0,1990s
0.425,0.954,-3.756,0.0476,0.00414,0.0,0.933,178.043,0Ph6L4l8dYUuXFmb71Ajnd,1.0,1.0,1990s
0.817,0.738,-5.176,0.0775,0.47,0.00234,0.846,104.02,5BKQSQzyyy1uQCNwO8XpTd,1.0,1.0,2000s
0.592,0.797,-7.155,0.101,0.209,0.0,0.698,110.007,13AD9WSKhLSAZ8awiYofHp,1.0,1.0,2020s
0.764,0.726,-3.687,0.0388,0.00221,0.0,0.892,120.917,77eU2CPN6ENhvQdW6m83O2,1.0,1.0,2010s
0.644,0.605,-7.096,0.0367,0.275,0.0,0.189,104.88,0uKPDNjZ0cPNxspqOML6RQ,0.0,1.0,2010s
0.503,0.818,-5.182,0.0506,0.411,0.0,0.211,184.01,29WCatXrNiHvJhvJvDe2Kl,0.0,1.0,2000s
0.628,0.813,-5.571,0.0364,0.0698,0.00646,0.743,123.055,5nZfsld97d5YCU3SKFpN4Q,1.0,1.0,2010s
0.506,0.697,-4.994,0.0398,0.102,0.0,0.831,204.127,3VhqlPwdb8WGdiPOj4D5DE,1.0,1.0,2010s
0.869,0.15,-15.811,0.293,0.494,0.0,0.886,67.523,1qt9EGepk8Ci2m8zQxcLHy,1.0,0.0,2000s
0.743,0.971,-4.83,0.0533,0.046,9.74e-06,0.978,101.998,0ATzislS5SvAp69hjHczej,1.0,1.0,1990s
0.687,0.823,-5.228,0.0545,0.131,2.95e-05,0.961,92.009,1WOn068GSVYKoIXj2veXsw,1.0,1.0,2010s
0.495,0.672,-6.246,0.259,0.538,0.0,0.687,170.166,37vqi0b9BqN0XN7QHLHTQ8,1.0,1.0,2020s
0.641,0.788,-5.817,0.05,0.149,0.0,0.782,147.947,7hmdTvWQgw2p8aG26MIdCO,1.0,1.0,2020s
0.795,0.798,-6.542,0.0649,0.275,6.33e-06,0.838,110.024,4RWKmB23nv2xjpBEdQiWDd,1.0,1.0,2000s
0.677,0.606,-8.274,0.0471,0.234,0.00443,0.35,93.985,6DlhPEHyYrrZCs9rTIz6ho,0.0,1.0,2020s
0.578,0.793,-4.752,0.102,0.0454,0.0,0.704,97.955,7HPbD27Wlv8IhXXMmBWkXe,1.0,1.0,2020s
0.44,0.941,-3.596,0.0461,0.000231,0.0,0.756,145.363,4Rk24KXGLoNgjGhME3kVv1,1.0,1.0,2020s
0.418,0.249,-13.744,0.0301,0.841,0.661,0.213,82.803,6FLwmdmW77N1Pxb1aWsZmO,0.0,0.0,2000s
0.79,0.713,-7.939,0.0821,0.7,0.0029,0.796,80.978,3jd98IqkeEChfoe98H24Ma,1.0,1.0,2020s
0.868,0.347,-9.529,0.0536,0.308,2e-05,0.659,110.059,4VywXu6umkIQ2OS0m1I79y,1.0,0.0,2000s
0.671,0.153,-13.569,0.0404,0.912,5.53e-05,0.658,85.6,3oQomOPRNQ5NVFUmLJHbAV,1.0,0.0,2000s
0.525,0.284,-9.961,0.0327,0.839,0.0,0.396,99.778,6KUasBYtaeWOdIbC1FZNbI,0.0,0.0,2020s
0.411,0.697,-9.656,0.14,0.794,0.2,0.375,168.842,3LUGhSGsZfa1Xk6LQ8VIcQ,0.0,1.0,2020s
0.539,0.202,-11.21,0.0619,0.929,0.0,0.323,179.797,4jEEloo2pedhkrP5NBTl85,0.0,0.0,2020s
0.175,0.143,-17.439,0.0412,0.937,0.933,0.0662,173.33,0Gr2XQOIMaaUH86iOrWGur,0.0,0.0,2000s
0.319,0.117,-13.233,0.0325,0.905,0.000111,0.138,78.563,3sICyTPASesVzpfGc1nM2t,0.0,0.0,2010s
0.714,0.306,-12.111,0.0388,0.726,0.168,0.314,129.984,0ZNYGrmcehorhh9JOeg5Iv,0.0,0.0,2010s
0.361,0.608,-4.547,0.0289,0.711,0.00113,0.308,96.218,7rsRu5kV7CMuVGJulafxLs,0.0,1.0,2020s
0.642,0.817,-5.352,0.052,0.107,1.08e-05,0.81,149.928,4y4ZvtUZbm9hoB9hDBCfN2,1.0,1.0,2020s
0.524,0.0528,-14.706,0.049,0.987,0.00057,0.288,129.029,4jS6mCmznV5fjTNLf4h61o,0.0,0.0,2000s
0.483,0.303,-10.058,0.0429,0.694,0.0,0.139,133.406,53QF56cjZA9RTuuMZDrSA6,0.0,0.0,2010s
0.589,0.177,-14.891,0.0325,0.977,0.714,0.311,88.409,5YqpHuXpFjDVZ7tY1ClFll,0.0,0.0,2000s
0.518,0.126,-12.102,0.0431,0.942,0.0,0.166,75.991,1rGxG6Y5OgmSwGPRPJv9Q4,0.0,0.0,2010s
0.522,0.256,-11.216,0.0258,0.86,0.000806,0.13,76.349,4PuUa8e5s7P3Zv1IdCGIsa,0.0,0.0,2010s
0.614,0.101,-22.159,0.0395,0.825,0.0217,0.155,75.902,2GiYPEgOA7hb7sqsEWX8df,0.0,0.0,2010s
0.494,0.215,-10.092,0.0321,0.904,0.0,0.313,124.057,5qMjtrGnezsafpH4oqg7oU,0.0,0.0,2010s
0.529,0.816,-5.532,0.0302,0.358,0.2,0.681,85.026,5FbdXtJfcXb2UB8KJNAcQM,1.0,1.0,2020s
0.688,0.705,-7.311,0.0323,0.0647,0.124,0.696,112.019,6c6W25YoDGjTq3qSPOga5t,1.0,1.0,2010s
0.565,0.242,-8.367,0.0318,0.762,9.3e-06,0.237,81.657,5ug4vqGZ3eisGhY1IsziNX,0.0,0.0,2010s
0.353,0.148,-13.108,0.0421,0.934,0.0,0.297,88.203,7rLokcIMP9p8fl0iROdVfC,0.0,0.0,2010s
0.585,0.348,-10.268,0.0361,0.585,7.47e-05,0.101,109.97,4gFakkHz0RjUrbf9Ufilb7,0.0,0.0,2010s
0.633,0.248,-12.592,0.0372,0.951,3.69e-05,0.337,138.092,2dxeshKXUCGzydZQziuN3B,0.0,0.0,2010s
0.402,0.282,-12.329,0.0332,0.923,0.0774,0.0983,114.894,7areyJPur83YJOJLhvSXvH,0.0,0.0,2020s
0.522,0.152,-14.996,0.0303,0.788,2.37e-05,0.133,144.055,0J4sK2VO75cRSVoj0FokQn,0.0,0.0,2010s
0.326,0.201,-11.594,0.0282,0.756,0.0,0.172,82.046,5xvAGovFqj41SyAinwvwVV,0.0,0.0,2010s
0.844,0.362,-10.071,0.0363,0.568,0.771,0.202,115.988,0BfLvshnvJldGROufmYCrv,0.0,0.0,2010s
0.756,0.28,-14.27,0.0296,0.616,0.00033,0.695,109.413,4wd09wCccmxUB7XVJp0RNn,1.0,0.0,2000s
0.394,0.345,-12.042,0.0334,0.914,2.05e-05,0.0527,107.647,1hKatvvaKADQVmEPIob9e8,0.0,0.0,2000s
0.624,0.179,-13.273,0.0373,0.896,1.92e-05,0.238,117.572,0Dv23k5ErS9XO9U2BYRI0F,0.0,0.0,2010s
0.488,0.253,-12.675,0.0387,0.906,0.0107,0.626,81.674,0FjTazWaBSHBVWm2PAGghQ,1.0,0.0,2010s
0.756,0.655,-6.419,0.057,0.797,1.2e-06,0.916,91.945,7qRyLLHIsqpdeSK7Sc5G2A,1.0,1.0,2020s
0.667,0.734,-9.891,0.318,0.61,0.0523,0.145,142.968,03WMhty0KQ2ppU30LiyKy4,0.0,1.0,2020s
0.32,0.248,-10.981,0.0371,0.804,4.37e-06,0.28,205.476,4PZa10hp40IiPySg7MGYbl,0.0,0.0,2010s
0.731,0.727,-5.83,0.0408,0.24,1.01e-05,0.778,139.987,4TSUh9GIzjlt9QAH32ObaB,1.0,1.0,2020s
0.738,0.198,-10.919,0.0625,0.906,0.0,0.682,123.158,7sgi66biRYpAXuRZJBDuli,1.0,0.0,1990s
0.503,0.335,-10.051,0.0416,0.921,3.97e-06,0.298,145.09,0bnUDXvwi2s8924tLTDg3K,0.0,0.0,2020s
0.415,0.23,-9.666,0.0499,0.803,5.4e-06,0.203,177.999,2K4uwGeeT2AmZgAgdxdDNM,0.0,0.0,2010s
0.371,0.0731,-8.051,0.0328,0.931,0.0,0.316,137.466,2eH4LAMhD20bl8tQseKckb,0.0,0.0,2010s
0.545,0.255,-14.844,0.0311,0.362,1.77e-05,0.831,98.088,2ZaYFNn1YQuLSVdHhanr4Q,1.0,0.0,2000s
0.497,0.23,-8.22,0.0399,0.894,2.34e-06,0.347,125.822,5QY4JhMKx4aBAaZcosncqd,0.0,0.0,2010s
0.766,0.191,-12.606,0.0394,0.932,7.95e-06,0.262,104.03,1rZFC696WndvqvpFfjr4Wu,0.0,0.0,2010s
0.889,0.304,-11.076,0.23,0.714,0.324,0.619,82.939,4ksOH8hJAZJpqWzOJJ5fCV,1.0,0.0,2020s
0.361,0.153,-10.296,0.0332,0.879,0.0,0.128,80.794,7xNQMVeEgXQf0xUsTlcpMP,0.0,0.0,2010s
0.218,0.243,-11.173,0.0299,0.842,0.768,0.0708,155.306,56iI6wwW6Lm2DzRxl0TFqH,0.0,0.0,2010s
0.599,0.198,-8.557,0.0581,0.953,0.000127,0.214,141.987,371akJ9fYgSkrAFMyWoTdL,0.0,0.0,2010s
0.531,0.116,-16.243,0.0368,0.866,0.699,0.19,128.594,3Ulj4AXe7s1gUZ7iByb9Jy,0.0,0.0,2010s
0.471,0.273,-10.072,0.0324,0.845,0.0,0.188,138.683,2Sqv9Ne6ibOZsKxY7o0t6t,0.0,0.0,2010s
0.525,0.353,-10.985,0.0322,0.596,0.0,0.241,92.001,1JzJFYOlNFISoz28z5t20x,0.0,0.0,2000s
0.444,0.0911,-17.665,0.0307,0.959,1.05e-06,0.142,78.403,6wf7Yu7cxBSPrRlWeSeK0Q,0.0,0.0,2020s
0.49,0.352,-11.577,0.0254,0.709,0.0856,0.166,99.992,6GGtHZgBycCgGBUhZo81xe,0.0,0.0,2020s
0.747,0.391,-13.767,0.052,0.529,0.003,0.195,102.984,3CWq0pAKKTWb0K4yiglDc4,0.0,0.0,2020s
0.38,0.339,-7.885,0.0338,0.691,0.0,0.0849,100.607,5CZ40GBx1sQ9agT82CLQCT,0.0,0.0,2020s
0.463,0.642,-4.474,0.34,0.314,0.0,0.339,83.389,59nOXPmaKlBfGMDeOVGrIK,0.0,1.0,2020s
0.614,0.318,-12.695,0.0478,0.896,0.00239,0.112,119.959,04sN26COy28wTXYj3dMoiZ,0.0,0.0,2010s
0.725,0.709,-6.514,0.072,0.588,0.0,0.353,110.024,0Z7nGFVCLfixWctgePsRk9,0.0,1.0,2020s
0.518,0.368,-7.76,0.0353,0.855,4.9e-06,0.234,141.934,17cia5k4BpGVlyEfqrFH50,0.0,0.0,2020s
0.737,0.802,-4.771,0.0878,0.468,0.0,0.682,144.015,35mvY5S1H3J2QZyna3TFe0,1.0,1.0,2020s
0.358,0.284,-8.285,0.0285,0.805,0.0,0.276,99.796,5Y35SjAfXjjG0sFQ3KOxmm,0.0,0.0,2020s
0.604,0.366,-7.519,0.0282,0.578,0.0,0.13,141.981,0gplL1WMoJ6iYaPgMCL0gX,0.0,0.0,2020s
0.408,0.338,-13.626,0.0431,0.521,0.000639,0.1,133.943,7CiDwKE62N6ey3LyG6s7xc,0.0,0.0,2020s
0.48,0.199,-12.398,0.0329,0.931,0.0563,0.201,165.476,1XTY6rA7XQosc0ynkkE9kN,0.0,0.0,2020s
0.548,0.307,-9.214,0.0781,0.916,0.0,0.317,127.923,3Nl5OkkmS5DaBZvuYofpAt,0.0,0.0,2020s
0.488,0.343,-8.985,0.0436,0.556,0.0,0.0978,102.819,4l0Mvzj72xxOpRrp6h8nHi,0.0,0.0,2020s
0.507,0.294,-10.0,0.04,0.896,1.97e-05,0.386,114.199,6uvh0In7u1Xn4HgxOfAn8O,0.0,0.0,2020s
0.44,0.04,-16.887,0.0322,0.981,0.465,0.249,135.965,4IhTXiZLKATmwhMZIb1GQN,0.0,0.0,2010s
0.907,0.393,-7.636,0.0539,0.451,1.35e-06,0.202,104.949,3J8EOeKLTLXORtWPpOU5bE,0.0,0.0,2020s
0.453,0.383,-11.015,0.163,0.728,0.0,0.333,105.029,7l97ElWmIdVHWUaOeeU5ZC,0.0,0.0,2020s
0.584,0.684,-4.314,0.567,0.312,9.05e-05,0.72,210.164,3NRql0A1Ef4RCvT473iqgD,1.0,1.0,2010s
0.391,0.335,-10.064,0.0763,0.389,0.0,0.116,174.185,135Lf4Q0CzlMNfOxbEUsLH,0.0,0.0,2020s
0.316,0.63,-5.963,0.117,0.471,0.262,0.313,89.643,6N22FZs2ZhPBYi3b9XPajV,0.0,1.0,2010s
0.48,0.602,-6.335,0.368,0.487,0.0,0.269,179.798,5rZlwNFl01HqLWBQGryKSm,0.0,1.0,2020s
0.4,0.641,-6.303,0.0674,0.214,0.0,0.393,81.552,5hnGrTBaEsdukpDF6aZg8a,0.0,1.0,2020s
0.648,0.308,-11.729,0.04,0.886,0.0774,0.198,76.997,0j1Ia2lQWrcXrQZI4AdJlk,0.0,0.0,2020s
0.555,0.27,-15.892,0.0888,0.931,0.544,0.271,139.681,1lORkxEMmsCZqhoxcmk3A3,0.0,0.0,2020s
0.516,0.167,-13.205,0.0265,0.921,1.61e-05,0.304,82.044,7qF0FfuzBFwMe1lNHkEDxW,0.0,0.0,2020s
0.708,0.211,-9.603,0.0424,0.853,0.0,0.362,72.5,3V0nnQhqvbE3JmiDdnzQFQ,0.0,0.0,2010s
0.627,0.618,-8.529,0.0437,0.0558,0.0,0.848,82.03,3xVZYkcuWalGudeKl861wb,1.0,1.0,2020s
0.398,0.286,-11.881,0.033,0.616,0.000146,0.0666,78.262,2KnLkZ3z7PO3kgVGHGqDpD,0.0,0.0,2020s
0.632,0.284,-14.025,0.0801,0.932,0.000476,0.208,129.642,042Sl6Mn83JHyLEqdK7uI0,0.0,0.0,2020s
0.522,0.128,-18.717,0.0357,0.894,0.026,0.124,109.986,58wyJLv6yH1La9NIZPl3ne,0.0,0.0,2010s
0.637,0.639,-7.832,0.0542,0.0926,0.00503,0.81,92.987,1Fav4xZn60uGM3XmiHJmvT,1.0,1.0,2020s
0.247,0.299,-6.083,0.0315,0.899,0.0,0.172,177.115,35ovElsgyAtQwYPYnZJECg,0.0,0.0,2020s
0.319,0.236,-9.644,0.0318,0.898,1.62e-05,0.254,162.351,7CC6UbCs4iGsePSzFxYxNn,0.0,0.0,2020s
0.269,0.373,-7.113,0.0371,0.15,0.0,0.321,202.899,523f4oSjrZx83XDtRLnsIw,0.0,0.0,2020s
0.376,0.657,-4.658,0.0768,0.0858,0.0,0.203,80.565,1r8ZCjfrQxoy2wVaBUbpwg,0.0,1.0,2020s
0.441,0.202,-12.499,0.0381,0.732,2.6e-05,0.269,77.971,1aEsTgCsv8nOjEgyEoRCpS,0.0,0.0,2020s
0.422,0.34,-6.577,0.0351,0.877,1.77e-05,0.223,77.213,1is8gU4RVcN4J8xItxWoOY,0.0,0.0,2020s
0.588,0.39,-7.753,0.0578,0.726,1.26e-05,0.206,96.571,7MOCaEUbfGyq1K96umNVwJ,0.0,0.0,2020s
0.364,0.294,-6.578,0.0504,0.833,0.0,0.125,79.477,2VFetGqLYq0Pc8ZtRYCaeL,0.0,0.0,2020s
0.42,0.359,-6.932,0.0456,0.617,0.0,0.279,143.277,0ZtWVho1KKMD9w55XYoDPl,0.0,0.0,2020s
0.592,0.342,-8.93,0.0339,0.193,0.00245,0.155,130.953,4cGqn0E8JCSY9gQllQj4Mf,0.0,0.0,2020s
0.627,0.247,-13.303,0.0321,0.811,0.0587,0.639,125.305,5JEM7lT9uSyhUsKFXwGfSm,1.0,0.0,2010s
0.642,0.214,-9.25,0.198,0.909,0.0,0.38,80.444,0W6vig3DpP1D3R4w72hdWp,0.0,0.0,2020s
0.55,0.667,-8.613,0.0776,0.57,0.0,0.763,82.767,3bXhtg6H8lOMWaLZttQF6F,1.0,1.0,2000s
0.475,0.149,-11.429,0.0395,0.844,0.0,0.318,95.423,0VxocBntP1XTZRsR9ZURPS,0.0,0.0,2010s
0.462,0.272,-9.274,0.0456,0.846,0.0,0.262,86.816,1JhuXhMiTBavuRXQTsGOdV,0.0,0.0,2010s
0.582,0.253,-11.43,0.0259,0.827,2.95e-05,0.294,90.186,5rwq6R0Uq0BngM3rdmCeNg,0.0,0.0,2000s
0.455,0.265,-8.468,0.0491,0.861,0.0,0.324,176.036,7wIYDzWW82O6Rc4vGuzjND,0.0,0.0,2010s
0.68,0.315,-8.425,0.0391,0.913,0.0,0.361,117.614,359lSGQwvAM3aZA5UNwqiQ,0.0,0.0,2010s
0.792,0.307,-6.224,0.0522,0.189,0.0,0.631,104.511,4mJDfMcT7odIUjWlb2WO4L,1.0,0.0,2010s
0.613,0.335,-6.791,0.0281,0.841,0.000161,0.245,108.014,5XSU59wtE5CRCAEyHmmGy4,0.0,0.0,2010s
0.562,0.187,-9.156,0.0313,0.921,0.0,0.199,117.59,7lcUx8bgiwGEn0BHNo3O31,0.0,0.0,2010s
0.514,0.343,-8.531,0.0263,0.182,0.0,0.212,102.013,77vv9vprh6SazfOXIJgYpx,0.0,0.0,2010s
0.427,0.229,-11.564,0.0364,0.935,7.37e-06,0.222,125.195,7e4Pftu2tzDeY0W0690OKQ,0.0,0.0,2010s
0.499,0.21,-9.122,0.042,0.891,1.17e-05,0.39,140.23,4tYokojnBEp5pBWO7wTRPA,0.0,0.0,2010s
0.512,0.245,-8.828,0.0338,0.851,0.0,0.266,93.971,1OozJMmjaGAgX8WPTTMpcG,0.0,0.0,2010s
0.432,0.377,-5.79,0.0304,0.459,0.0,0.394,94.973,5T6bJp3XgwT0IaCfKMxmAu,0.0,0.0,2010s
0.689,0.339,-6.127,0.0511,0.745,0.0,0.611,114.297,4TqiKcUUvK7y6x6JG5NpJX,1.0,0.0,2010s
0.317,0.15,-17.433,0.0323,0.951,9.28e-05,0.228,45.306,4FCNizKAqQ0JDx9ZWDEt1Z,0.0,0.0,2020s
0.632,0.378,-11.462,0.0306,0.884,2.63e-05,0.347,125.128,4DCHszO57DZHgvqalfoITR,0.0,0.0,2000s
0.528,0.291,-9.696,0.0401,0.914,0.0,0.355,76.805,5nMRpGfqQ0tb1TMbqBVK2J,0.0,0.0,2010s
0.825,0.211,-8.324,0.0383,0.192,0.0,0.609,87.068,3BK5t8Z6AkaeUTdFjehHqy,1.0,0.0,2010s
0.572,0.285,-12.367,0.0316,0.789,0.0,0.168,88.012,3rcVJVqhuuKbVppaLXrxD5,0.0,0.0,2010s
0.453,0.152,-13.444,0.0606,0.777,0.0,0.364,90.429,1w5eAssKxCtTpJh7gNQdgO,0.0,0.0,2010s
0.662,0.265,-13.387,0.0379,0.636,0.00824,0.106,75.035,110YC8JMSnxlr5dFrtEdiP,0.0,0.0,2020s
0.461,0.153,-14.082,0.0386,0.903,1.18e-05,0.251,73.303,3IDYyNRmL5npjqm3x6fqjQ,0.0,0.0,2010s
0.345,0.34,-9.337,0.0342,0.805,1.74e-05,0.302,136.222,0Hbn9DrKJiXgoQdVSwBn7B,0.0,0.0,2020s
0.46,0.319,-8.621,0.0356,0.861,0.0,0.33,145.765,78gNozh0NmyIMgpSOGX7Fz,0.0,0.0,2010s
0.399,0.331,-10.854,0.0336,0.886,0.000839,0.278,104.599,4gek9UL5WceAq1qiZlhmGM,0.0,0.0,2010s
0.634,0.176,-14.703,0.0307,0.931,1.6e-06,0.335,107.974,674WNL7f5Xo8XxtipzB3ao,0.0,0.0,2010s
0.467,0.307,-9.712,0.0284,0.556,0.00153,0.119,103.808,5qCAMmVToq2m3snrMX9mKO,0.0,0.0,2010s
0.392,0.178,-12.016,0.0318,0.859,0.00453,0.178,123.137,6Bcsu35LlV2YyUSa1X7Cpf,0.0,0.0,2010s
0.611,0.313,-10.242,0.0339,0.835,0.000315,0.378,134.858,3PSMcb1gU5A8DveqU2K4z2,0.0,0.0,2000s
0.576,0.121,-17.343,0.036,0.952,0.00111,0.063,116.826,5mVDhLnXTHlBWJnMHXa9Qs,0.0,0.0,2010s
0.505,0.15,-9.795,0.0439,0.833,0.0,0.383,133.237,6nyZQ82OI0OujbbFpo3e0K,0.0,0.0,2010s
0.438,0.356,-11.448,0.0388,0.74,0.0,0.356,186.267,7rohDMzsbmSmol7sIZs0Px,0.0,0.0,2010s
0.547,0.0739,-13.961,0.052,0.948,0.0,0.25,142.526,38OudvGwGjmc5R4sDb2rd0,0.0,0.0,2010s
0.52,0.172,-11.422,0.0343,0.972,6.24e-06,0.0746,67.007,1Rzv9hwuNO1H7N947tD1e8,0.0,0.0,2010s
0.661,0.184,-13.644,0.038,0.665,0.0,0.357,140.006,6QeLUyIfNHCJhEMSPGwDgi,0.0,0.0,2000s
0.585,0.211,-11.807,0.0358,0.943,1.67e-05,0.386,92.449,1B8C0h5Y8MRvzK7j17BODg,0.0,0.0,2010s
0.682,0.382,-5.179,0.217,0.309,0.0,0.638,190.773,5ZMb1d14RLl5NHAgZIwVHc,1.0,0.0,2010s
0.665,0.209,-10.884,0.0315,0.845,0.0,0.231,115.007,0Fqee2fFR57uDmrHQ5389d,0.0,0.0,2010s
0.649,0.213,-12.385,0.117,0.655,2.35e-06,0.672,96.685,22wMOOsQVIKkoVAILL5ruw,1.0,0.0,2010s
0.69,0.361,-10.356,0.0401,0.872,0.0,0.779,93.052,6rTmz0BVcErmi00dmEMDFn,1.0,0.0,2010s
0.67,0.306,-11.032,0.0366,0.8,1.18e-06,0.61,139.949,0ZWSpn7UgqAp4exbKEUD5g,1.0,0.0,2010s
0.448,0.336,-7.706,0.0336,0.967,1.03e-06,0.372,81.568,2CZX6RHW9EYFhhTANVsF5A,0.0,0.0,2010s
0.519,0.192,-7.38,0.0414,0.857,0.0,0.36,125.417,6HTDbFiF3c6QFRKkB6DcR4,0.0,0.0,2010s
0.366,0.262,-12.635,0.0322,0.767,2.06e-05,0.181,151.11,2AhqPhQ4E1r9v2i2TfJHR0,0.0,0.0,2010s
0.657,0.192,-13.108,0.0365,0.894,0.0,0.305,130.087,1jUyxF7NmNXGlZQDVw40O8,0.0,0.0,2010s
0.712,0.102,-11.422,0.0523,0.899,0.0,0.38,104.47,550Wn0mCBgXSnTNouQA2fY,0.0,0.0,2010s
0.741,0.117,-12.427,0.049,0.931,0.000164,0.349,124.087,5V0CRoCDeDpGTXZGWPTk3D,0.0,0.0,2010s
0.675,0.278,-9.569,0.0343,0.845,0.0,0.353,123.962,1hrDzrt4YgZdD67MOu5U0Q,0.0,0.0,2010s
0.634,0.824,-3.394,0.047,0.0908,0.0711,0.371,137.959,31nfdEooLEq7dn3UMcIeB5,0.0,1.0,2020s
0.615,0.629,-5.53,0.0757,0.528,5.6e-05,0.109,170.118,5SNvyCJJ5OLKDLQza2EPLP,0.0,1.0,2020s
0.654,0.921,-5.086,0.0465,0.0188,0.000955,0.179,130.969,4hB0gb4KGm17u266JD5pbc,0.0,1.0,2020s
0.676,0.951,-5.583,0.0483,0.0527,0.82,0.0696,127.945,7jY6W92bLfnXnevTa7JKHi,0.0,1.0,2020s
0.577,0.996,-3.603,0.0563,0.0133,0.896,0.203,133.011,12p3LJyuWdEh6bWFoc60Bk,0.0,1.0,2020s
0.806,0.954,-3.288,0.0785,0.135,0.0627,0.258,145.012,6qA8tFC2wRG2Tl4yR6ZLjP,0.0,1.0,2020s
0.874,0.869,-5.996,0.0315,0.00116,0.00238,0.726,126.027,5ZduaRci3iNUiDfJbBfAaf,1.0,1.0,2020s
0.618,0.952,-4.129,0.0717,0.00106,0.328,0.313,133.952,6sVZ5ilWUNJBy8fBvjpzWh,0.0,1.0,2020s
0.616,0.841,-4.779,0.076,0.0559,0.00217,0.714,110.029,5YdnOm5990Kfq1Jodws98B,1.0,1.0,2020s
0.706,0.975,-5.58,0.0651,0.0505,0.247,0.319,154.993,7F7N0yugLFgKXoEACgtzD8,0.0,1.0,2020s
0.588,0.848,-5.295,0.0394,0.000394,0.215,0.394,132.04,02Ixue9YkjgvPD3TAQFvP1,0.0,1.0,2020s
0.561,0.928,-5.812,0.0371,0.087,0.894,0.182,125.988,7jrMFjEq0t09f7m3HnnWXl,0.0,1.0,2020s
0.678,0.881,-5.498,0.0552,0.0392,0.00433,0.0357,128.019,1D5ifTPFnQWDnSxSAfc1hc,0.0,1.0,2020s
0.589,0.973,-5.317,0.0426,0.0347,0.000945,0.115,126.003,2aQpISWUBToaF84DDiTeRV,0.0,1.0,2020s
0.587,0.919,-4.679,0.0429,0.0042,0.014,0.0745,125.977,6rGf5AsEaVskU0pO2ewcUL,0.0,1.0,2020s
0.56,0.832,-6.432,0.0363,0.00953,0.00541,0.0818,126.0,4qDpLaFGf5ampf2DXD2TMA,0.0,1.0,2020s
0.762,0.895,-4.562,0.0737,0.00618,0.145,0.755,125.979,1aNUSKBe6UMyMk3pEu9ws7,1.0,1.0,2020s
0.79,0.797,-3.596,0.0862,0.0268,0.000282,0.38,126.021,0MpQj2Fd3kVlr5ZoK22jxd,0.0,1.0,2020s
0.696,0.793,-5.733,0.097,0.0683,3.78e-06,0.698,120.003,6BePGk3eCan4FqaW2X8Qy3,1.0,1.0,2020s
0.651,0.937,-4.078,0.0468,0.236,0.0975,0.666,123.993,67eYAnkdTu8BMcIx29z26L,1.0,1.0,2020s
0.788,0.906,-5.863,0.0382,0.0222,0.00283,0.811,128.004,5SFCEkybGYmmzKqewtDEaN,1.0,1.0,2020s
0.355,0.802,-5.114,0.0478,0.0367,1.06e-05,0.0391,135.017,5Y2n6pW4Vqr4Mzkd9V4Uk8,0.0,1.0,2020s
0.738,0.883,-7.989,0.0818,0.053,0.193,0.651,125.04,6Ea2oEzysv4UECGNxL1IEW,1.0,1.0,2020s
0.708,0.909,-5.999,0.0476,0.0324,0.527,0.351,127.997,5IFSvSEeCAvvBEQ85poqKB,0.0,1.0,2020s
0.628,0.997,-1.7,0.0706,0.031,0.0101,0.158,127.963,2f2dRxjiUOoV5qhZFbnVO6,0.0,1.0,2020s
0.591,0.768,-7.587,0.132,0.011,5.26e-06,0.297,129.936,3bjM6KcvV1MwkAm7DJQb9O,0.0,1.0,2020s
0.535,0.954,-4.347,0.0802,0.0723,0.000819,0.0396,131.93,7DnI3ktF2vcmzKuCCKseQL,0.0,1.0,2020s
0.835,0.658,-7.949,0.0743,0.259,0.00725,0.399,155.017,7AFAB7RL8PXHrSf4uY10Z6,0.0,1.0,2020s
0.716,0.963,-3.097,0.0931,0.0344,0.0,0.707,124.97,2LCd6P35jFyZ9SN37o9D2q,1.0,1.0,2020s
0.445,0.911,-5.62,0.198,0.00494,1.87e-05,0.206,150.237,2HJBsWX5LQK8Y95JzPJ4zp,0.0,1.0,2020s
0.75,0.87,-7.109,0.055,0.00166,0.607,0.966,125.996,02QE4LsAj7DBjMRxolGE8a,1.0,1.0,2020s
0.683,0.825,-6.175,0.0424,0.000833,0.727,0.0451,126.023,4ptnQ0kQnN1U1Ig8TSslj6,0.0,1.0,2020s
0.665,0.727,-8.073,0.0391,0.00984,0.394,0.397,133.922,31B7wLv4yvtjDoTTmbnxeE,0.0,1.0,2020s
0.855,0.839,-5.733,0.153,0.0736,0.426,0.729,127.044,3DqOJ2BoddzZpNdty3okJH,1.0,1.0,2020s
0.493,0.812,-4.674,0.0739,0.07,0.0,0.325,139.889,4yc0wKwKXGkx9Vqc42MIFy,0.0,1.0,2020s
0.663,0.882,-3.022,0.0484,0.0456,0.0179,0.217,145.003,1h54366McXSNcici2LAiZP,0.0,1.0,2020s
0.539,0.884,-2.526,0.0506,0.0205,1.45e-05,0.111,174.042,3rFHJDslBgt9rHu8p22aFN,0.0,1.0,2020s
0.743,0.851,-5.457,0.195,0.0121,0.00382,0.745,135.969,5AWGyFvWNof3Knq7QrN3jD,1.0,1.0,2020s
0.711,0.748,-6.524,0.0521,0.0493,0.765,0.254,134.014,4LwxeWSBu0LQtEyGLb6FVP,0.0,1.0,2020s
0.707,0.902,-7.393,0.125,0.16,0.771,0.166,140.03,6FWAIkMvnS0ABEdBKcIp5K,0.0,1.0,2020s
0.847,0.724,-7.668,0.047,0.00355,0.00339,0.326,126.983,4zlbKky2yA657Sk5rekZoR,0.0,1.0,2020s
0.555,0.971,-2.718,0.0571,0.0197,0.0193,0.358,126.016,6b7Z5ICFy6TbQwshMr9ORO,0.0,1.0,2020s
0.743,0.893,-5.261,0.129,0.00284,0.000369,0.369,130.072,2Jn3wcH9TSCFMQjlWreTft,0.0,1.0,2020s
0.746,0.978,-4.879,0.0644,0.0211,0.00939,0.659,125.99,62bjfb5YMLvZU44vfjJVxp,1.0,1.0,2020s
0.548,0.857,-6.83,0.0369,0.0187,0.749,0.0532,127.967,2UDycsru4dEa1UFmyIvKYU,0.0,1.0,2020s
0.727,0.982,-4.011,0.0782,0.000274,0.854,0.719,126.036,1EXDjOpV3Lbiv8CzJ7caHs,1.0,1.0,2020s
0.509,0.691,-5.199,0.0446,0.0304,0.0,0.376,129.827,1P7hMSbpJOQy58eC78qx7s,0.0,1.0,2020s
0.434,0.66,-5.605,0.0359,0.0122,6.12e-06,0.315,127.968,5RfVafaeEEiqC0Z3LsBaZw,0.0,1.0,2020s
0.808,0.662,-6.771,0.11,0.0479,0.441,0.67,126.953,1xFrwpp4li4MFpMr9KpTEK,1.0,1.0,2020s
0.484,0.895,-6.735,0.338,0.0134,0.00568,0.181,174.765,7tU4LZnbwmf0mYMboISOzT,0.0,1.0,2020s
0.645,0.844,-5.392,0.0284,0.066,0.0012,0.673,132.097,3LdBhYsPBaLzkL8Cupe106,1.0,1.0,2020s
0.758,0.944,-4.901,0.0623,0.0308,0.103,0.826,126.022,6JjSoJ2laV4ZbKNb9nybvh,1.0,1.0,2020s
0.395,0.857,-5.201,0.0431,0.00173,0.0,0.174,170.909,5VhPhDGiJrc2rd7GbToA7z,0.0,1.0,2020s
0.553,0.803,-5.066,0.0973,0.00232,1.06e-06,0.368,154.952,7piw0SrFyHjJwOivGxdrnb,0.0,1.0,2020s
0.426,0.823,-4.145,0.0409,0.00214,0.0,0.184,74.978,26dZqv39K4kE2kFXAI5dH5,0.0,1.0,2020s
0.577,0.909,-3.746,0.279,0.141,0.0,0.929,159.898,6H4mOpaopoXbLkf12GEhe4,1.0,1.0,2020s
0.396,0.927,-2.948,0.129,0.113,7.18e-06,0.364,174.166,0ln00F04EahMrWIb1Qijqo,0.0,1.0,2020s
0.585,0.884,-1.471,0.0525,0.0657,9.34e-05,0.312,150.079,3khsjS0d0qOwB3x8k5gVca,0.0,1.0,2020s
0.508,0.841,-4.122,0.0288,0.0069,1.23e-06,0.259,160.119,6V074QUpLYTJCaCJMfvX6q,0.0,1.0,2020s
0.486,0.956,-2.381,0.0651,0.0242,7.44e-06,0.383,160.002,5YQoeliHU9Iz2La6pgsL9X,0.0,1.0,2020s
0.584,0.991,-5.074,0.105,0.149,0.000263,0.753,154.992,1f1oSxTFtI9WN7X6GvzMtF,1.0,1.0,2020s
0.368,0.984,-2.744,0.405,0.0179,0.0154,0.108,160.05,54WsAt5kYg8GPi9s85yPuQ,0.0,1.0,2020s
0.671,0.996,-0.672,0.229,0.0118,0.00121,0.161,160.02,1WbQ96o7shECYjvEsRhvUV,0.0,1.0,2020s
0.535,0.928,-2.025,0.0823,0.0068,9.18e-06,0.116,154.872,4plFHRIYpyvO46CWG2UMvG,0.0,1.0,2020s
0.588,0.964,-2.937,0.127,0.018,0.0326,0.723,170.044,063YSXc8E2MUCermhiW0Te,1.0,1.0,2020s
0.445,0.916,-4.813,0.0867,0.00593,0.0,0.33,158.05,2y4MGW3z5eMAZTXm7Q0T7V,0.0,1.0,2020s
0.424,0.829,-5.505,0.0419,0.000669,0.0,0.161,154.944,3kbLfKqT2ul31MOy1scPfX,0.0,1.0,2020s
0.511,0.973,-3.195,0.336,0.0758,0.000252,0.347,159.98,1H2HyRY6Z4krifebdRQqNY,0.0,1.0,2020s
0.381,0.835,-4.251,0.158,0.00312,0.0,0.187,159.794,6x37HbiBJpoB74rMe3Un0Q,0.0,1.0,2020s
0.237,0.928,-3.706,0.0646,0.0222,0.00387,0.218,67.254,4Ujj3fBXpQZOChxAmsEzlL,0.0,1.0,2020s
0.263,0.99,-2.856,0.6,0.00847,0.0213,0.109,159.61,1EUKFavDiIvi2J6Cd35Tmd,0.0,1.0,2020s
0.403,0.818,-6.674,0.0552,0.00289,2.41e-06,0.289,154.888,1jurU7dHfTOOZEf6fADV8v,0.0,1.0,2020s
0.552,0.942,-4.098,0.0589,0.0272,0.00805,0.0607,150.038,6xjHeCdwsBoUYrEN2kJ998,0.0,1.0,2020s
0.634,0.91,-3.029,0.195,0.0306,0.00105,0.659,159.978,6vFEXiW7QPKGRardogdK6f,1.0,1.0,2020s
0.571,0.993,-1.99,0.121,0.0107,0.085,0.31,160.0,0tzNc4vPi7YujhPEl0lVCO,0.0,1.0,2020s
0.479,0.81,-4.374,0.0314,0.00571,8.92e-05,0.179,149.947,1bc1ykb05EfBvnzjOmqvmi,0.0,1.0,2020s
0.362,0.752,-4.449,0.0384,0.161,0.0,0.282,149.548,5u6MUAawmhnFHVGaAGDj2v,0.0,1.0,2020s
0.226,0.779,-7.138,0.083,0.00235,0.000809,0.167,155.023,6Dr20NRSnMh9NT76D4FNqk,0.0,1.0,2020s
0.454,0.988,-1.112,0.16,0.000328,0.000962,0.167,154.956,33yP87JuBfAhwuZplkysHH,0.0,1.0,2020s
0.571,0.95,-1.643,0.127,0.0413,0.000218,0.315,155.058,694DLdlWtk26a6pyaf1vMi,0.0,1.0,2020s
0.514,0.997,-3.13,0.335,0.00895,0.0472,0.304,156.996,1jtelkyKjyRJTIhhf4yfxG,0.0,1.0,2020s
0.338,0.966,-2.334,0.242,0.0171,0.0,0.149,159.932,5Oz55aVuZ3KbKMeHOhePdx,0.0,1.0,2020s
0.544,0.898,-0.923,0.05,0.0638,3.95e-06,0.379,74.997,2BtbpG4B4cK72uiMbr9Dti,0.0,1.0,2020s
0.434,0.939,-3.971,0.0628,0.208,0.0,0.173,155.078,3fuk0gZ8I1n2CYA2gsCtzH,0.0,1.0,2020s
0.515,0.974,-3.552,0.286,0.0116,0.00115,0.211,155.045,1VtGStey2iPgtZSLHU6sf0,0.0,1.0,2020s
0.514,0.987,-2.67,0.206,0.00583,0.000474,0.227,154.966,490OtmKonSLbMTvOyet1T8,0.0,1.0,2020s
0.523,0.912,-5.249,0.1,0.00445,9.6e-05,0.351,155.021,4Srdf7olznuLK2qC67Zjbp,0.0,1.0,2020s
0.589,0.994,-0.882,0.157,0.159,0.000131,0.233,154.949,6AWeDqvevggPd0FITDYshW,0.0,1.0,2020s
0.504,0.939,-1.574,0.152,0.000503,1.08e-05,0.159,160.016,4sCkVuX3Nj0guPB7LCksHt,0.0,1.0,2020s
0.508,0.948,-4.429,0.0598,0.000916,0.000635,0.271,155.056,6kvbfuy7sCAufBZ17GVKZo,0.0,1.0,2020s
0.543,0.886,-3.689,0.136,0.0278,1e-05,0.175,150.081,32ncEXDqBzDyblpzdcGRWB,0.0,1.0,2020s
0.345,0.909,-5.083,0.169,0.049,5.61e-05,0.115,155.142,2RAnGGv0jVWMmtFvskh7Fo,0.0,1.0,2020s
0.426,0.966,-1.392,0.309,0.185,0.00186,0.289,154.85,2klFM38gNMzVJdgGGfskhE,0.0,1.0,2020s
0.595,0.947,-2.777,0.38,0.00847,0.000112,0.32,155.162,7eNFtBAwul6cqskHAtlRbN,0.0,1.0,2020s
0.454,0.882,-5.368,0.0537,0.006,0.000249,0.177,155.156,0mGmrLTe4VlaWZ5DFWpnil,0.0,1.0,2020s
0.577,0.979,-1.54,0.411,0.032,0.0,0.352,155.24,7vjPIUzk2E6WBORNPQHzgG,0.0,1.0,2020s
0.323,0.832,-2.965,0.0467,0.0948,0.0939,0.0509,154.993,58qwngsMklWQLew2rA9Nbg,0.0,1.0,2020s
0.42,0.887,-4.306,0.129,0.00618,0.00894,0.128,160.051,5BEeBEAsRWIhAw18rkun9F,0.0,1.0,2020s
0.573,0.949,-3.648,0.101,0.0118,0.000135,0.0896,154.976,3XikEye0OgF9rJ4BSCtLp1,0.0,1.0,2020s
0.453,0.952,-2.067,0.087,0.0022,0.00037,0.17,155.026,50lXm6nruD49kKZlvxpZGc,0.0,1.0,2020s
0.517,0.978,-2.85,0.284,0.0158,3.98e-05,0.257,157.001,014cgPQdDPnwysDT3453Nf,0.0,1.0,2020s
0.536,0.981,-0.873,0.169,0.00382,0.00019,0.188,158.029,4yKjG2a8xS68h7J6t9ycGX,0.0,1.0,2020s
0.587,0.949,-0.822,0.0837,0.206,0.000171,0.619,150.088,4JPo4J1xN78RG0Ggxet8hg,1.0,1.0,2020s
0.502,0.992,-2.852,0.434,0.0612,0.00098,0.0703,152.052,5OPiQgHKYUGd50bAfJnxx8,0.0,1.0,2020s
0.299,0.96,-3.158,0.187,0.0328,0.0,0.322,154.913,0Yrl0j2sFiTYY5wgUl28Iz,0.0,1.0,2020s
0.581,0.876,-3.866,0.045,0.0127,0.887,0.353,149.97,0cZ6KOvnLf0C0GKLti31No,0.0,1.0,2020s
0.387,0.946,-2.83,0.422,0.00281,0.0,0.248,154.928,6n6xZkucdDYETMuqOmZ8OI,0.0,1.0,2020s
0.441,0.816,-5.419,0.107,0.00214,0.000205,0.23,159.901,621OKN7F7dicuOKewxxeq1,0.0,1.0,2020s
0.515,0.898,-3.76,0.15,0.0453,4.3e-05,0.219,80.171,5o4rviue1So4SS4tECuaHB,0.0,1.0,2020s
0.432,0.98,-3.199,0.359,0.00122,0.0016,0.246,154.907,0EBURzaaZP0wHABAK0KajO,0.0,1.0,2020s
0.3,0.96,-2.033,0.235,0.0285,0.0,0.0395,159.85,1zCGt1MomJgyEHzdSmh93f,0.0,1.0,2020s
0.676,0.982,-1.322,0.052,0.141,0.00683,0.377,97.523,58AHKBiwr20gH8XYOZsyaz,0.0,1.0,2020s
0.651,0.876,-3.728,0.0565,0.0149,0.0547,0.371,159.96,0Trr3QSf9SvtFRtuAPVoBn,0.0,1.0,2020s
0.573,0.946,-1.98,0.317,0.12,0.00178,0.193,155.0,398aJwlA11z0Nep0NQlORu,0.0,1.0,2020s
0.353,0.884,-5.181,0.119,0.0154,2.52e-06,0.145,155.038,2G21IeSXw1q1rhSbnkOtOq,0.0,1.0,2020s
0.524,0.906,-4.281,0.0419,0.00321,0.00101,0.215,149.963,7JXZuqmi5XC8pfiNgeF1yZ,0.0,1.0,2020s
0.567,0.997,-4.713,0.395,0.00973,0.628,0.0391,154.996,6fef7XefOl9P2GFbqk4ql2,0.0,1.0,2020s
0.477,0.882,-3.042,0.0889,0.000926,1.21e-06,0.267,154.973,0oVJSca1wBgRRKaPNnos7U,0.0,1.0,2020s
0.461,0.919,-2.659,0.0959,0.00624,0.0,0.271,157.093,6pgDjTGp6VgbUG2dYLUMdO,0.0,1.0,2020s
0.427,0.881,-2.691,0.359,0.0182,0.0,0.291,154.998,0jb8dBj7ILjgev8qt0pWrT,0.0,1.0,2020s
0.419,0.826,-5.692,0.185,0.0015,0.0105,0.212,156.917,0X89hVtXc6V04eRMCjB1Vj,0.0,1.0,2020s
0.733,0.803,-7.517,0.0513,0.00393,0.887,0.159,123.992,3OPOlqB7BWK5a9WL7eGqGM,0.0,1.0,2020s
0.72,0.672,-9.071,0.0455,0.44,0.492,0.614,155.009,5xdmotWnFPVuPEZAI98OHl,1.0,1.0,2020s
0.587,0.742,-6.64,0.0529,0.0128,0.00107,0.199,145.007,73vIOb4Q7YN6HeJTbscRx5,0.0,1.0,2020s
0.675,0.609,-8.461,0.178,0.0976,0.0143,0.286,121.932,3926mUXLnp9Wo7zcMIGB4i,0.0,1.0,2020s
0.747,0.783,-6.57,0.0931,0.0768,0.000216,0.38,127.957,1UPshkcjCJneejMQkt3ZO8,0.0,1.0,2020s
0.653,0.883,-3.754,0.0346,0.00271,0.906,0.616,128.026,3rjMk7Wv2PjHqjUIQyqcJs,1.0,1.0,2020s
0.828,0.893,-3.344,0.0496,0.033,0.00535,0.602,124.043,5bZjb7xKqLqa58QiUBcVvl,1.0,1.0,2020s
0.803,0.713,-7.433,0.0692,0.016,0.769,0.637,120.028,4r47AGqa8Z4vwEAphM1iVx,1.0,1.0,2020s
0.801,0.947,-2.943,0.053,0.009,0.511,0.736,125.011,0JQNHiRfYzHYAzRKhFnKLq,1.0,1.0,2020s
0.803,0.889,-6.545,0.0439,0.189,0.653,0.876,147.983,7jQkiAaa4XYYsPH3rcfcWo,1.0,1.0,2020s
0.731,0.929,-5.439,0.0909,0.0359,0.102,0.395,139.993,7MDppFVchHTvTRvr4q69z8,0.0,1.0,2020s
0.636,0.869,-5.289,0.0412,0.0378,0.0446,0.306,143.011,5eTaQYBE1yrActixMAeLcZ,0.0,1.0,2020s
0.687,0.818,-4.221,0.0778,0.0112,0.0,0.886,125.952,7MIhUdNJtaOnDmC5nBC1fb,1.0,1.0,2020s
0.759,0.896,-3.853,0.0398,0.0257,0.0297,0.621,126.013,04FKlbITTbZ4Jo8v2l3LEg,1.0,1.0,2020s
0.843,0.971,-6.207,0.185,0.00895,0.873,0.655,124.995,5MiX7mcxtr8xFkoy3BMaDk,1.0,1.0,2020s
0.552,0.945,-3.771,0.0561,0.00676,0.000174,0.384,130.011,3WsbAGQt6HgTj9kg6f466M,0.0,1.0,2020s
0.89,0.725,-5.213,0.0469,0.00989,0.00153,0.762,122.004,6vHkJ4L8gqCwedvhXkSCsa,1.0,1.0,2020s
0.682,0.977,-2.583,0.106,0.00384,0.0106,0.883,129.992,1PRFsFUmQeXPTXzPESn6xf,1.0,1.0,2020s
0.817,0.67,-6.315,0.0545,0.156,0.168,0.712,125.972,74nEGIzIefJhJ5qX7NeIAz,1.0,1.0,2020s
0.768,0.95,-4.129,0.0826,0.0155,0.00823,0.816,125.959,7AFcakkjDm5biwzL8iW5Wj,1.0,1.0,2020s
0.732,0.891,-4.537,0.0407,0.0276,0.00636,0.809,125.998,2khuYBcVp3Gul8XD2sVrq7,1.0,1.0,2020s
0.941,0.753,-4.905,0.0905,0.458,0.61,0.681,127.02,1635wWSdp29PO3GxYhy991,1.0,1.0,2020s
0.674,0.903,-6.348,0.0832,0.133,3.99e-05,0.314,125.988,3UnYMtRNeRBTjheW5IZBub,0.0,1.0,2020s
0.618,0.848,-4.329,0.0574,0.0028,0.000714,0.639,123.967,6PX5CRJFn24G3cypjNO6yw,1.0,1.0,2020s
0.877,0.665,-6.597,0.191,0.0586,0.012,0.786,125.017,4qXjXZPGtVNhQq1z9QDRFn,1.0,1.0,2020s
0.721,0.725,-8.643,0.0376,0.000299,0.636,0.317,123.967,6TkBZ2i3KSHmfaletSq5Xr,0.0,1.0,2020s
0.817,0.673,-7.685,0.0691,0.0821,4.65e-05,0.239,121.987,3kQWSyGNJCa5JuL4YgFWgE,0.0,1.0,2020s
0.84,0.609,-3.514,0.0726,0.0665,0.414,0.385,124.037,3NqQ4d5GaCgjNx85tFy60z,0.0,1.0,2020s
0.794,0.945,-5.131,0.0522,0.248,0.54,0.278,126.059,5ZJE92mDnbh9jr7XgJs5lQ,0.0,1.0,2020s
0.778,0.861,-6.816,0.0602,0.00478,0.0148,0.882,128.017,28wJwHEsUOnSDfoYi9OPkz,1.0,1.0,2020s
0.667,0.9,-8.816,0.0381,0.071,0.764,0.0318,125.993,43eF4GLcpQkzJElhw7kGUj,0.0,1.0,2020s
0.671,0.938,-6.155,0.0368,0.0068,0.826,0.0363,124.004,5TIhJ291jalShwjyvDp13U,0.0,1.0,2020s
0.72,0.847,-6.469,0.0384,0.00174,0.0623,0.132,149.954,4atLPkcljMp14JBaigYFKC,0.0,1.0,2020s
0.764,0.691,-8.733,0.0471,0.019,0.161,0.14,126.041,0bNsRYvrZokG8s7rfK3LS4,0.0,1.0,2020s
0.707,0.853,-6.093,0.254,0.00524,9.05e-05,0.748,125.941,1HtZS4fv2nIZaCSfFVlcHc,1.0,1.0,2020s
0.628,0.967,-2.43,0.0538,0.0217,0.00157,0.349,125.982,5vlzH0ps6WDyb158oFTAb3,0.0,1.0,2020s
0.751,0.809,-7.217,0.12,0.0129,0.00444,0.704,125.033,4x2BJ2iGkOWRUGVKuwVaQo,1.0,1.0,2020s
0.847,0.69,-7.877,0.0493,0.0127,6e-05,0.692,125.004,4zN21mbAuaD0WqtmaTZZeP,1.0,1.0,2020s
0.635,0.868,-6.73,0.0334,0.00926,0.633,0.393,126.01,7DFsEqS6zsIeMs0iMXE5Dc,0.0,1.0,2020s
0.723,0.698,-6.162,0.0659,0.18,0.0,0.317,126.001,09rAJ1Q1NNJSaUKEW3X9P6,0.0,1.0,2020s
0.803,0.874,-6.014,0.0416,0.000124,0.0865,0.731,124.003,3S1Ifzhv74Raep49MveOEE,1.0,1.0,2020s
0.798,0.96,-5.538,0.261,0.0267,0.846,0.0981,126.041,0l7cfP9dZBrkkNkR7NXnQO,0.0,1.0,2020s
0.686,0.746,-5.62,0.0337,0.00141,0.0841,0.122,124.994,4Uhgyf8VL7qfcSmZf6tpc5,0.0,1.0,2020s
0.607,0.767,-6.069,0.0474,0.118,0.0,0.662,123.998,3rb0tMq42WfggucPm0HHkA,1.0,1.0,2020s
0.762,0.944,-4.433,0.102,0.257,0.095,0.641,130.024,08Sf0BCc75CWZ6NH8PqYc5,1.0,1.0,2020s
0.571,0.937,-3.365,0.033,0.0337,3.71e-05,0.607,148.979,3JlHRjPt2TNB9h7VFf0im2,1.0,1.0,2020s
0.649,0.918,-4.27,0.0736,0.0532,0.281,0.655,126.011,3BgO8ZV0EYH80tXKpSh1B0,1.0,1.0,2020s
0.7,0.854,-5.436,0.0879,0.0877,0.0344,0.172,137.943,4MUMWxe9088SuTFKpprQ57,0.0,1.0,2020s
0.65,0.747,-7.113,0.248,0.0199,2.6e-05,0.309,128.006,3jiFY98JhpsJm35glo7QEI,0.0,1.0,2020s
0.459,0.879,-4.614,0.145,0.00066,0.0,0.145,155.101,096L1KdZn6noAbz8VHri7u,0.0,1.0,2020s
0.833,0.86,-5.331,0.0675,0.155,0.773,0.606,124.987,0C9P00gKzHroC3Et2SQylA,1.0,1.0,2010s
0.872,0.743,-3.862,0.0705,0.0333,0.107,0.752,125.004,2DMEoZbdvpiTAoIima0bER,1.0,1.0,2020s
0.689,0.788,-4.978,0.084,0.07,0.0,0.656,122.968,6jSvgAwRVrJIP0VYz5L2J8,1.0,1.0,2020s
0.869,0.726,-5.654,0.0459,0.0784,0.0,0.343,124.023,1dP519dbEob8H6wiouRdaY,0.0,1.0,2020s
0.835,0.903,-3.23,0.228,0.0153,0.000124,0.733,128.01,3tSYFt9i23oFzyX6tg5IOg,1.0,1.0,2020s
0.716,0.748,-6.06,0.0356,0.235,0.849,0.338,119.918,01kfSdF9zfcDLri5sSWEoL,0.0,1.0,2020s
0.848,0.821,-5.408,0.0527,0.0169,0.000403,0.249,125.051,6GomT970rCOkKAyyrwJeZi,0.0,1.0,2020s
0.653,0.973,-3.894,0.0414,0.0338,0.00686,0.219,128.024,7wy8gxfen0STJ2jQMYQBAA,0.0,1.0,2020s
0.686,0.892,-3.186,0.0498,0.0577,7.11e-06,0.752,126.03,2LxdNADWier3MKTei8FbOY,1.0,1.0,2020s
0.92,0.654,-3.051,0.0401,0.0236,0.0153,0.847,117.046,5ChkMS8OtdzJeqyybCc9R5,1.0,1.0,1980s
0.711,0.292,-15.523,0.037,0.313,0.0,0.194,103.951,2M9ro2krNb7nr7HSprkEgo,0.0,0.0,1980s
0.645,0.795,-12.095,0.0527,0.347,0.00389,0.535,112.067,4RvWPyQ5RL0ao9LPZeSouE,1.0,0.0,1980s
0.658,0.575,-10.365,0.0267,0.243,0.0,0.504,108.329,6mYrhCAGWzTdF8QnKuchXM,0.0,0.0,1980s
0.528,0.447,-15.255,0.0435,0.189,0.0,0.292,72.58,3Z2tPWiNiIpg8UMMoowHIk,0.0,0.0,1980s
0.54,0.429,-11.822,0.0285,0.000202,0.355,0.113,110.171,6ADSaE87h8Y3lccZlBJdXH,0.0,0.0,1980s
0.573,0.902,-7.638,0.054,0.018,0.00125,0.876,84.412,2WfaOiMkCvy7F5fcp2zZ8L,1.0,1.0,1980s
0.72,0.967,-4.434,0.0343,0.0289,0.000345,0.977,129.766,7fRvtXvJMpGfTLdF0M09a1,1.0,1.0,1980s
0.734,0.586,-11.866,0.129,0.125,0.0,0.762,109.933,3nFJbZCHP4d9vduKjJLdBL,1.0,0.0,1980s
0.446,0.952,-5.321,0.0523,0.0901,0.0857,0.624,125.303,7snQQk1zcKl8gZ92AnueZW,1.0,1.0,1980s
0.532,0.887,-3.757,0.0335,0.0778,0.000214,0.795,122.511,37ZJ0p5Jm13JPevGcx4SkF,1.0,1.0,1980s
0.504,0.904,-6.863,0.179,0.356,0.121,0.772,176.808,1jDJFeK9x3OZboIAHsY9k2,1.0,1.0,1980s
0.671,0.373,-18.064,0.0323,0.257,8.01e-05,0.732,92.718,2374M0fQpWi3dLnB54qaLX,1.0,0.0,1980s
0.31,0.7,-5.678,0.047,0.011,0.00965,0.763,188.386,08mG3Y1vljYA6bvDt4Wqkj,1.0,1.0,1980s
0.692,0.711,-7.498,0.0317,0.225,0.0,0.875,125.135,1TfqLAPs4K3s2rJMoCokcS,1.0,1.0,1980s
0.916,0.72,-8.548,0.1,0.36,0.00016,0.76,103.312,5O4erNlJ74PIF6kGol1ZrC,1.0,1.0,1980s
0.508,0.834,-6.205,0.0386,0.0183,0.0,0.774,139.131,0GONea6G2XdnHWjNZd6zt3,1.0,1.0,1980s
0.453,0.987,-4.485,0.0889,0.0195,0.283,0.316,123.544,0G21yYKMZoHa30cYVi1iA8,0.0,1.0,1980s
0.709,0.824,-8.824,0.0453,0.207,0.000307,0.867,118.818,2tUBqZG2AbRi7Q0BIrVrEj,1.0,1.0,1980s
0.541,0.96,-2.947,0.0505,0.0663,2.25e-06,0.812,122.803,0rmGAIH9LNJewFw7nKzZnc,1.0,1.0,1980s
0.574,0.628,-8.815,0.036,0.13,0.0,0.803,153.119,4jDmJ51x1o9NZB5Nxxc7gY,1.0,0.0,1980s
0.73,0.487,-10.991,0.0303,0.258,0.01,0.731,114.965,254bXAqt3zP6P50BdQvEsq,1.0,0.0,1980s
0.71,0.799,-4.897,0.0328,0.22,0.000602,0.725,120.372,4y1LsJpmMti1PfRQV9AWWe,1.0,1.0,1980s
0.701,0.944,-2.986,0.0455,0.0755,0.0,0.792,128.993,5zA8vzDGqPl2AzZkEYQGKh,1.0,1.0,1980s
0.629,0.545,-13.123,0.0546,0.719,0.00308,0.194,108.376,1PtQJZVZIdWIYdARpZRDFO,0.0,0.0,1980s
0.751,0.501,-12.151,0.0551,0.234,0.112,0.902,167.057,4o6BgsqLIBViaGVbx5rbRk,1.0,0.0,1980s
0.477,0.471,-10.036,0.0277,0.193,1.76e-06,0.423,81.204,1JLn8RhQzHz3qDqsChcmBl,0.0,0.0,1980s
0.5,0.501,-8.284,0.0376,0.462,0.0,0.623,144.438,0cGG2EouYCEEC3xfa0tDFV,0.0,0.0,1980s
0.268,0.98,-5.958,0.103,0.0192,0.00709,0.395,100.315,6eN1f9KNmiWEhpE2RhQqB5,0.0,1.0,1980s
0.677,0.616,-13.826,0.032,0.458,0.0132,0.851,114.223,2aEuA8PSqLa17Y4hKPj5rr,1.0,0.0,1980s
0.62,0.573,-11.893,0.0423,0.271,0.0,0.897,81.548,0ikz6tENMONtK6qGkOrU3c,1.0,0.0,1980s
0.724,0.498,-13.083,0.0423,0.0405,8.56e-05,0.823,88.825,7j74lucZ59vqN67Ipe2ZcY,1.0,0.0,1980s
0.631,0.932,-4.142,0.0354,0.0436,0.137,0.971,122.429,7HKez549fwJQDzx3zLjHKC,1.0,1.0,1980s
0.527,0.942,-5.64,0.0366,0.0115,0.0,0.495,148.723,7FwBtcecmlpc1sLySPXeGE,0.0,1.0,1980s
0.643,0.802,-4.92,0.0227,0.0299,0.0,0.53,95.99,3X7uFMzJrEE0sxn62qd8Ch,1.0,1.0,1980s
0.596,0.869,-11.97,0.037,0.0116,0.173,0.944,109.902,05wIrZSwuaVWhcv5FfqeH0,1.0,1.0,1980s
0.743,0.836,-6.465,0.116,0.0804,0.0,0.82,113.375,39shmbIHICJ2Wxnk1fPSdz,1.0,1.0,1980s
0.721,0.939,-11.823,0.0376,0.115,3.79e-05,0.914,113.309,4PTG3Z6ehGkBFwjybzWkR8,1.0,1.0,1980s
0.431,0.723,-5.887,0.0568,0.145,0.0,0.19,130.141,7wuJGgpTNzbUyn26IOY6rj,0.0,1.0,1980s
0.625,0.726,-11.402,0.0444,0.0158,0.000169,0.507,124.945,4ByEFOBuLXpCqvO1kw8Wdm,0.0,0.0,1980s
0.535,0.716,-5.025,0.0431,0.326,0.0,0.901,94.379,2Cdvbe2G4hZsnhNMKyGrie,1.0,1.0,1980s
0.382,0.589,-7.315,0.0267,0.0465,0.0,0.335,140.059,7Ewz6bJ97vUqk5HdkvguFQ,0.0,0.0,1980s
0.675,0.649,-10.271,0.0319,0.0204,0.0,0.596,116.624,0odIT9B9BvOCnXfS0e4lB5,1.0,0.0,1980s
0.734,0.58,-6.619,0.0321,0.238,0.0006,0.962,119.336,1Hv1VTm8zeOeybub15mA2R,1.0,1.0,1980s
0.564,0.774,-9.424,0.0368,0.0135,0.00191,0.657,100.894,6wpGqhRvJGNNXwWlPmkMyO,1.0,1.0,1980s
0.623,0.449,-13.333,0.0253,0.212,0.0,0.572,84.383,5tVA6TkbaAH9QMITTQRrNv,1.0,0.0,1980s
0.572,0.835,-6.219,0.0317,0.171,0.000377,0.795,129.981,7N3PAbqfTjSEU1edb2tY8j,1.0,1.0,1980s
0.692,0.422,-10.533,0.0333,0.0811,0.0,0.468,74.375,2DjWsDGgL1xNbhnr7f6t5F,0.0,0.0,1980s
0.572,0.654,-7.027,0.0344,0.0058,3.21e-06,0.399,122.491,3cbV252akVZInSvJk7jAYX,0.0,1.0,1980s
0.446,0.239,-13.945,0.0316,0.551,4.1e-06,0.298,189.507,18AXbzPzBS8Y3AkgSxzJPb,0.0,0.0,1980s
0.363,0.982,-3.621,0.3,0.00123,0.00218,0.275,179.23,65HA9FsYyA2xro9RzNlNmy,0.0,1.0,1980s
0.731,0.738,-8.125,0.0377,0.184,0.0,0.958,117.656,3L7RtEcu1Hw3OXrpnthngx,1.0,1.0,1980s
0.554,0.783,-5.852,0.0457,0.416,1.54e-06,0.813,105.39,4w3tQBXhn5345eUXDGBWZG,1.0,1.0,1980s
0.558,0.768,-9.997,0.0343,0.121,0.0626,0.429,81.909,44aTAUBF0g6sMkMNE8I5kd,0.0,0.0,1980s
0.678,0.727,-7.844,0.0258,0.117,0.00396,0.71,133.481,4euAGZTszWPrriggYK0HG9,1.0,1.0,1980s
0.62,0.936,-4.593,0.0308,0.0261,0.0,0.763,97.527,4YwbSZaYeYja8Umyt222Qf,1.0,1.0,1980s
0.808,0.535,-12.521,0.0353,0.179,9.91e-05,0.848,114.031,7oOOI85fVQvVnK5ynNMdW7,1.0,0.0,1980s
0.529,0.843,-6.908,0.0616,0.0628,0.000827,0.188,117.662,3MrRksHupTVEQ7YbA0FsZK,0.0,1.0,1980s
0.62,0.446,-14.451,0.0347,0.589,0.0299,0.868,88.591,3PzsbWSQdLCKDLxn7YZfkM,1.0,0.0,1980s
0.817,0.599,-9.249,0.0328,0.132,0.000311,0.548,108.873,2KH16WveTQWT6KOG9Rg6e2,1.0,0.0,1980s
0.78,0.565,-7.32,0.0306,0.736,0.00269,0.365,101.967,1NCuYqMc8hKMb4cpNTcJbD,0.0,0.0,1980s
0.776,0.867,-3.704,0.0479,0.0495,7.92e-06,0.918,138.827,1OOtq8tRnDM8kG2gqUPjAj,1.0,1.0,1980s
0.395,0.252,-13.589,0.0301,0.8,0.0,0.126,177.679,4LFwNJWoj74Yd71fIr1W8x,0.0,0.0,1980s
0.66,0.816,-6.61,0.0299,0.168,0.0181,0.678,111.346,3fH4KjXFYMmljxrcGrbPj9,1.0,1.0,1980s
0.661,0.908,-4.897,0.039,0.052,0.0,0.656,144.091,6OnfBiiSc9RGKiBKKtZXgQ,1.0,1.0,1980s
0.516,0.549,-13.741,0.0373,0.501,0.00572,0.907,176.941,4gvea7UlDkAvsJBPZAd4oB,1.0,0.0,1980s
0.439,0.422,-17.227,0.0409,0.0148,4.84e-05,0.551,81.833,7G7tgVYORlDuVprcYHuFJh,0.0,0.0,1980s
0.869,0.648,-8.698,0.0633,0.121,2.17e-05,0.9,125.035,3koCCeSaVUyrRo3N2gHrd8,1.0,1.0,1980s
0.653,0.73,-10.613,0.0429,0.0115,1.02e-05,0.894,108.709,4JfuiOWlWCkjP6OKurHjSn,1.0,1.0,1980s
0.768,0.829,-5.109,0.0313,0.0964,2.92e-05,0.962,118.773,2olVm1lHicpveMAo4AUDRB,1.0,1.0,1980s
0.748,0.551,-9.054,0.0239,0.243,1.57e-06,0.65,113.535,6RNDeRnWsRMjPdNVgupZCs,1.0,0.0,1980s
0.739,0.459,-14.42,0.0294,0.129,0.0194,0.892,107.115,3ZZq9396zv8pcn5GYVhxUi,1.0,0.0,1980s
0.712,0.967,-5.206,0.047,0.0771,0.0,0.895,145.024,3Cx4yrFaX8CeHwBMReOWXI,1.0,1.0,1980s
0.765,0.476,-13.487,0.0329,0.0504,2.76e-06,0.965,114.02,7gSQv1OHpkIoAdUiRLdmI6,1.0,0.0,1980s
0.636,0.467,-10.1,0.0421,0.0915,1.7e-06,0.58,96.639,2IJftBfq7pJ43tfnOR0RB3,1.0,0.0,1980s
0.58,0.498,-6.901,0.0277,0.198,0.0,0.111,116.271,63CHa6rmamv9OsehkRD8oz,0.0,0.0,1980s
0.548,0.294,-17.112,0.0333,0.332,3.34e-06,0.491,76.698,1GeNWyZtCHbcp3ZWp8GTOO,0.0,0.0,1980s
0.799,0.687,-5.682,0.0431,0.193,0.000188,0.965,108.804,4d6eqRtpDX7tydHJGDZUBQ,1.0,1.0,1980s
0.878,0.821,-9.875,0.089,0.126,0.0461,0.947,118.881,46eu3SBuFCXWsPT39Yg3tJ,1.0,1.0,1980s
0.814,0.686,-12.172,0.0342,0.219,0.00382,0.778,106.679,6JNJERZGJwDVgkmbohBw7u,1.0,0.0,1980s
0.64,0.649,-10.345,0.0264,0.216,8.3e-05,0.865,124.825,4CoSCPlKNrWli7E5kFtbcl,1.0,0.0,1980s
0.454,0.788,-6.748,0.0371,0.574,0.000766,0.52,126.15,3oEkrIfXfSh9zGnE7eBzSV,0.0,0.0,1980s
0.712,0.549,-9.484,0.0254,0.011,0.0,0.552,109.882,31H6au3jhblhr6MMJiXnCq,1.0,0.0,1980s
0.898,0.271,-12.238,0.091,0.0135,0.00138,0.742,111.485,62LJFaYihsdVrrkgUOJC05,1.0,0.0,1980s
0.742,0.883,-3.419,0.0329,0.333,7.51e-06,0.978,136.506,22sLuJYcvZOSoLLRYev1s5,1.0,1.0,1980s
0.756,0.422,-12.967,0.0292,0.0165,0.00183,0.487,112.751,0e3yhVeNaTfKIWQRw9U9sY,0.0,0.0,1980s
0.853,0.981,-3.947,0.0751,0.247,0.468,0.595,118.193,2bCQHF9gdG5BNDVuEIEnNk,1.0,1.0,1980s
0.685,0.584,-10.616,0.0276,0.288,0.00918,0.939,134.546,5vmRQ3zELMLUQPo2FLQ76x,1.0,0.0,1980s
0.252,0.802,-3.976,0.0391,0.13,0.0146,0.253,150.056,0oerlffJSzhRVvtDfLcp3N,0.0,1.0,1980s
0.776,0.763,-8.124,0.0534,0.182,0.00647,0.82,128.433,0qxYx4F3vm1AOnfux6dDxP,1.0,1.0,1980s
0.526,0.978,-5.436,0.108,0.00122,4.75e-05,0.451,141.167,05RgAMGypEvqhNs5hPCbMS,0.0,1.0,1980s
0.583,0.602,-6.364,0.0274,0.368,0.0,0.388,74.008,36lkJSDyMEZoWTqtRj8Q8q,0.0,1.0,1980s
0.502,0.924,-6.299,0.0503,0.0127,0.0,0.922,149.186,1hlveB9M6ijHZRbzZ2teyh,1.0,1.0,1980s
0.367,0.452,-10.422,0.0307,0.0353,0.00228,0.189,113.066,54X78diSLoUDI3joC2bjMz,0.0,0.0,1980s
0.418,0.452,-13.099,0.0356,0.638,0.00026,0.168,175.088,54b8qPFqYqIndfdxiLApea,0.0,0.0,1980s
0.783,0.836,-9.223,0.0486,0.396,0.0236,0.831,108.966,5zWZ9iNevP0397xB3jWV2z,1.0,1.0,1980s
0.622,0.54,-13.99,0.0261,0.017,0.00771,0.847,130.879,19Ym5Sg0YyOCa6ao21bdoG,1.0,0.0,1980s
0.759,0.85,-7.156,0.0418,0.456,1.72e-06,0.963,149.211,4wswaG5vmNINMZcVBsAyBP,1.0,1.0,1980s
0.544,0.897,-6.056,0.0471,0.241,0.0,0.647,157.17,34x6hEJgGAOQvmlMql5Ige,1.0,1.0,1980s
0.82,0.528,-11.179,0.0321,0.111,0.0186,0.931,120.091,3ZpQiJ78LKINrW9SQTgbXd,1.0,0.0,1990s
0.515,0.43,-9.935,0.0372,0.0097,0.000133,0.104,91.844,70LcF31zb1H0PyJoS1Sx1r,0.0,0.0,1990s
0.315,0.715,-8.072,0.0362,0.00125,7.97e-06,0.497,155.925,6Qyc6fS4DsZjB2mRW9DsQs,0.0,0.0,1990s
0.812,0.879,-10.998,0.0397,0.0167,0.224,0.962,129.991,5ZrDlcxIDZyjOzHdYW1ydr,1.0,1.0,1990s
0.647,0.514,-10.05,0.0593,0.0655,0.0,0.386,79.975,1DIXPcTDzTj8ZMHt3PDt8p,0.0,0.0,1990s
0.439,0.434,-14.918,0.0265,0.0783,4.87e-05,0.204,94.845,0gEyKnHvgkrkBM6fbeHdwK,0.0,0.0,1990s
0.502,0.89,-5.175,0.0364,0.000147,0.0117,0.259,133.52,57bgtoPSgt236HzfBOd8kj,0.0,1.0,1990s
0.666,0.855,-5.051,0.0295,0.179,1.2e-06,0.803,125.639,31AOj9sFz2gM0O3hMARRBx,1.0,1.0,1990s
0.592,0.767,-2.788,0.027,0.0021,0.00165,0.328,96.483,48UPSzbZjgc449aqz8bxox,0.0,1.0,1990s
0.543,0.681,-7.091,0.0289,0.0482,8.43e-05,0.292,95.415,5XrfFo0JFOnWD9ZMNXGkQh,0.0,1.0,1990s
0.309,0.649,-8.994,0.035,0.0158,0.00591,0.312,166.915,7EZC6E7UjZe63f1jRmkWxt,0.0,0.0,1990s
0.526,0.749,-6.964,0.0283,0.023,1.76e-06,0.421,99.982,754kgU5rWscRTfvlsuEwFp,0.0,1.0,1990s
0.523,0.943,-4.203,0.0337,0.00704,3.81e-05,0.766,99.607,4EchqUKQ3qAQuRNKmeIpnf,1.0,1.0,1990s
0.434,0.897,-4.918,0.0488,0.0103,0.0,0.684,148.726,2m1hi0nfMR9vdGC8UcrnwU,1.0,1.0,1990s
0.559,0.345,-13.496,0.0459,0.0576,0.000105,0.458,84.581,3d9DChrdc6BOeFsbrZ3Is0,0.0,0.0,1990s
0.442,0.943,-3.205,0.0602,0.00293,8.71e-06,0.781,85.064,6L89mwZXSOwYl76YXfX13s,1.0,1.0,1990s
0.689,0.694,-5.83,0.027,0.257,0.0,0.482,99.039,47BBI51FKFwOMlIiX6m8ya,0.0,1.0,1990s
0.816,0.775,-3.323,0.234,0.16,0.00031,0.527,93.431,503OTo2dSqe7qk76rgsbep,1.0,1.0,1990s
0.768,0.864,-6.145,0.0324,0.101,0.0,0.891,110.008,1Je1IMUlBXcx1Fz0WE7oPT,1.0,1.0,1990s
0.743,0.675,-4.267,0.0953,0.0251,0.000717,0.59,92.909,1KGi9sZVMeszgZOWivFpxs,1.0,1.0,1990s
0.565,0.564,-10.044,0.0292,0.161,0.0,0.454,134.355,0jWgAnTrNZmOGmqgvHhZEm,0.0,0.0,1990s
0.674,0.789,-6.903,0.0676,0.00178,0.00708,0.918,129.802,1FTSo4v6BOZH9QxKc3MbVM,1.0,1.0,1990s
0.595,0.717,-4.803,0.0295,0.0779,0.00274,0.547,88.969,1G391cbiT3v3Cywg8T7DM1,1.0,1.0,1990s
0.759,0.699,-5.745,0.0307,0.202,0.000131,0.907,92.96,3MjUtNVVq3C8Fn0MP3zhXa,1.0,1.0,1990s
0.356,0.917,-6.006,0.0479,0.0335,0.0,0.518,171.176,57iDDD9N9tTWe75x6qhStw,0.0,1.0,1990s
0.704,0.636,-6.029,0.0252,0.0344,0.0,0.89,111.845,7aQjPecQdIuNd1sz3KCDhD,1.0,1.0,1990s
0.731,0.867,-5.881,0.032,0.0395,0.0,0.776,104.019,3cfOd4CMv2snFaKAnMdnvK,1.0,1.0,1990s
0.663,0.296,-18.09,0.0294,0.68,0.00837,0.359,112.306,7w5AOd6HrDIHewHfpABEss,0.0,0.0,1990s
0.256,0.641,-10.283,0.0552,0.199,0.0329,0.382,203.006,11LmqTE2naFULdEP94AUBa,0.0,0.0,1990s
0.458,0.795,-3.265,0.0574,0.00316,0.000202,0.513,123.229,64BbK9SFKH2jk86U3dGj2P,0.0,1.0,1990s
0.391,0.951,-7.419,0.0692,0.0126,0.000378,0.468,157.66,4LJhJ6DQS7NwE7UKtvcM52,0.0,1.0,1990s
0.294,0.641,-9.316,0.0291,0.0163,0.22,0.226,79.759,3YRCqOhFifThpSRFJ1VWFM,0.0,0.0,1990s
0.452,0.524,-10.108,0.0351,0.315,0.0,0.246,151.505,3ovjw5HZZv43SxTwApooCM,0.0,0.0,1990s
0.475,0.432,-7.844,0.0302,0.183,0.0,0.648,94.605,6ORqU0bHbVCRjXm9AjyHyZ,1.0,0.0,1990s
0.36,0.501,-9.129,0.0258,0.0638,9.32e-05,0.324,74.807,63OQupATfueTdZMWTxW03A,0.0,0.0,1990s
0.853,0.606,-4.596,0.0713,0.0561,0.0,0.654,94.759,3WkibOpDF7cQ5xntM1epyf,1.0,1.0,1990s
0.502,0.912,-4.556,0.0564,2.55e-05,0.000173,0.72,116.761,5ghIJDpPoe3CfHMGu71E6T,1.0,1.0,1990s
0.496,0.739,-7.193,0.0415,0.0211,0.00444,0.378,132.41,4JiEyzf0Md7KEFFGWDDdCr,0.0,1.0,1990s
0.652,0.917,-6.72,0.0548,0.0082,0.0,0.459,132.975,2goLsvvODILDzeeiT4dAoR,0.0,1.0,1990s
0.52,0.709,-7.125,0.0352,0.247,1.78e-05,0.536,76.039,6urCAbunOQI4bLhmGpX7iS,1.0,1.0,1990s
0.682,0.765,-5.021,0.0395,0.0268,3.42e-05,0.567,90.807,2hnMS47jN0etwvFPzYk11f,1.0,1.0,1990s
0.35,0.828,-5.373,0.041,0.000217,0.000161,0.147,105.435,2EoOZnxNgtmZaD8uUmz2nD,0.0,1.0,1990s
0.765,0.29,-17.117,0.139,0.0279,0.0,0.506,92.409,0Q0IVlqMV64kNLlwjPj0Hl,1.0,0.0,1990s
0.704,0.861,-4.221,0.0493,0.587,0.0615,0.636,128.99,3u5N55tHf7hXATSQrjBh2q,1.0,1.0,1990s
0.531,0.909,-4.236,0.034,0.0175,0.0,0.814,97.546,1Dr1fXbc2IxaK1Mu8P8Khz,1.0,1.0,1990s
0.332,0.214,-12.518,0.0349,0.845,5.62e-06,0.11,67.531,4eHbdreAnSOrDDsFfc4Fpm,0.0,0.0,1990s
0.867,0.646,-4.674,0.288,0.303,0.0,0.67,88.634,6MdqqkQ8sSC0WB4i8PyRuQ,1.0,1.0,1990s
0.578,0.817,-6.542,0.0363,0.183,3.06e-06,0.726,141.621,5DiXcVovI0FcY2s0icWWUu,1.0,1.0,1990s
0.575,0.886,-5.182,0.034,0.0647,0.000187,0.609,96.31,1Jaah2tmN9Hv81A87KZ1MU,1.0,1.0,1990s
0.52,0.652,-6.655,0.0274,0.34,5.49e-05,0.722,80.609,6kvoHl80mfCVTv7XnZkjQn,1.0,1.0,1990s
0.394,0.944,-6.506,0.0761,0.00178,4.54e-06,0.265,105.338,6QewNVIDKdSl8Y3ycuHIei,0.0,1.0,1990s
0.767,0.787,-9.897,0.0331,0.0163,0.583,0.964,126.879,5QLHGv0DfpeXLNFo7SFEy1,1.0,1.0,1990s
0.375,0.893,-4.097,0.0406,0.000509,0.0,0.434,174.323,7ygpwy2qP3NbrxVkHvUhXY,0.0,1.0,1990s
0.671,0.882,-6.149,0.0552,0.00181,0.667,0.787,136.955,5XVjNRubJUW0iPhhSWpLCj,1.0,1.0,1990s
0.5,0.824,-5.846,0.0388,0.00016,0.00161,0.539,120.125,4P5KoWXOxwuobLmHXLMobV,1.0,1.0,1990s
0.669,0.727,-7.588,0.0353,0.139,0.0,0.807,102.322,6xkryXuiZU360Lngd4sx13,1.0,1.0,1990s
0.456,0.59,-8.638,0.0327,0.00182,0.00379,0.243,124.635,2N2yrmodOnVF10mKvItC9P,0.0,0.0,1990s
0.488,0.862,-7.595,0.0476,0.0204,0.0,0.706,104.56,1FkoVC85Ds3mFoK0fVqEqP,1.0,1.0,1990s
0.798,0.625,-9.689,0.0548,0.00547,7.98e-05,0.858,93.764,6kWJvPfC4DgUpRsXKNa9z9,1.0,1.0,1990s
0.869,0.68,-6.233,0.318,0.0416,1.12e-06,0.815,85.519,75IN3CtuZwTHTnZvYM4qnJ,1.0,1.0,1990s
0.669,0.821,-4.37,0.29,0.00182,0.0,0.684,94.895,5Tbpp3OLLClPJF8t1DmrFD,1.0,1.0,1990s
0.622,0.807,-6.752,0.408,0.103,0.0,0.892,174.06,6x4tKaOzfNJpEJHySoiJcs,1.0,1.0,1990s
0.465,0.919,-4.025,0.0408,1.83e-05,2.07e-05,0.537,135.997,5OQsiBsky2k2kDKy2bX2eT,0.0,1.0,1990s
0.715,0.833,-5.379,0.108,0.00631,0.0,0.612,95.487,3jDdpx9PMlfMBS5tOBHFm9,1.0,1.0,1990s
0.556,0.92,-4.606,0.0367,0.00271,0.00021,0.771,121.138,3mwvKOyMmG77zZRunnxp9E,1.0,1.0,1990s
0.621,0.901,-5.396,0.0302,0.17,0.0,0.744,113.967,1Cwsd5xI8CajJz795oy4XF,1.0,1.0,1990s
0.535,0.505,-8.926,0.245,0.0393,0.0,0.495,99.935,0uEp9E98JB5awlA084uaIg,0.0,0.0,1990s
0.392,0.534,-8.793,0.0369,0.245,0.00104,0.325,181.305,3G69vJMWsX6ZohTykad2AU,0.0,0.0,1990s
0.723,0.895,-3.707,0.102,0.088,0.0,0.963,143.373,3SFXsFpeGmBTtQvKiwYMDA,1.0,1.0,1990s
0.483,0.753,-8.937,0.0832,0.425,0.000142,0.42,115.102,15VRO9CQwMpbqUYA7e6Hwg,0.0,0.0,1990s
0.679,0.568,-10.74,0.0423,0.422,0.00928,0.93,159.69,6VnpKLtfNH4Dk09YSGPSyR,1.0,0.0,1990s
0.398,0.927,-4.212,0.0567,6.2e-05,0.000177,0.311,77.106,4dVbhS6OiYvFikshyaQaCN,0.0,1.0,1990s
0.429,0.594,-6.251,0.0277,0.156,4.95e-06,0.236,150.22,1M2nd8jNUkkwrc1dgBPTJz,0.0,0.0,1990s
0.663,0.477,-8.839,0.0414,0.644,0.0,0.643,143.173,2epbL7s3RFV81K5UhTgZje,1.0,0.0,1990s
0.512,0.574,-7.016,0.0273,0.0425,2.31e-05,0.161,119.917,5GHY1DFWKz3Prg2V0Iodqo,0.0,0.0,1990s
0.566,0.834,-8.412,0.0298,0.00277,0.008,0.621,123.296,3VqHuw0wFlIHcIPWkhIbdQ,1.0,1.0,1990s
0.383,0.659,-5.558,0.0312,0.117,0.0,0.327,140.795,2RChe0r2cMoyOvuKobZy44,0.0,1.0,1990s
0.584,0.533,-7.11,0.0305,0.684,0.0,0.224,131.745,3YKptz29AsOlm7WAVnztBh,0.0,0.0,1990s
0.633,0.8,-6.945,0.166,0.209,0.000123,0.913,175.716,11mwFrKvLXCbcVGNxffGyP,1.0,1.0,1990s
0.683,0.772,-7.907,0.0311,0.0222,0.0149,0.737,123.871,2IHaGyfxNoFPLJnaEg4GTs,1.0,1.0,1990s
0.666,0.936,-9.919,0.0476,0.00244,0.086,0.776,91.577,0uppYCG86ajpV2hSR3dJJ0,1.0,1.0,1990s
0.389,0.476,-9.342,0.0316,0.619,5.09e-05,0.566,148.117,6txWz9UapYHVxEd7dDIHXT,0.0,0.0,1990s
0.467,0.324,-10.451,0.0255,0.615,0.0248,0.166,94.301,6PypGyiu0Y2lCDBN1XZEnP,0.0,0.0,1990s
0.284,0.875,-6.069,0.0422,0.00752,0.000461,0.595,75.009,1L94M3KIu7QluZe63g64rv,1.0,1.0,1990s
0.725,0.583,-9.942,0.0427,0.3,0.000238,0.762,79.984,3yUcJwYu7fXAfqMj9krY6l,1.0,0.0,1990s
0.408,0.582,-8.305,0.0508,0.218,0.0,0.365,114.926,1d6KS9GH06JAd19uiBy9IE,0.0,0.0,1990s
0.428,0.276,-11.729,0.0312,0.732,5.33e-06,0.0382,99.195,33LC84JgLvK2KuW43MfaNq,0.0,0.0,1990s
0.452,0.909,-3.977,0.0366,0.0313,0.0603,0.805,124.623,1v2zyAJrChw5JnfafSkwkJ,1.0,1.0,1990s
0.64,0.864,-6.576,0.0314,0.00832,0.0,0.701,102.026,42et6fnHCw1HIPSrdPprMl,1.0,1.0,1990s
0.638,0.906,-4.824,0.0504,0.0662,6.88e-05,0.767,107.991,5lWRaa0fBxDE5yU91npPq7,1.0,1.0,1990s
0.801,0.948,-4.623,0.0386,0.0117,0.457,0.968,138.489,5N6M8yDiMV32T6Rkzh8EbW,1.0,1.0,1990s
0.777,0.601,-5.931,0.126,0.0406,0.00201,0.68,97.911,3XKIUb7HzIF1Vu9usunMzc,1.0,1.0,1990s
0.587,0.872,-5.066,0.0484,0.018,0.0,0.735,159.925,1OxcIUqVmVYxT6427tbhDW,1.0,1.0,1990s
0.6,0.706,-7.899,0.361,0.209,0.0,0.58,173.926,4IYKjN1DrYzxKXt0umJqsG,0.0,0.0,1990s
0.348,0.848,-4.674,0.0396,0.0454,0.0,0.486,162.189,3QxKpdTB8ZSFn8MGeCCpsQ,0.0,1.0,1990s
0.467,0.958,-4.808,0.0775,0.000479,0.199,0.701,145.92,5CQvKyzkWI7TnUu2oB9QZ0,1.0,1.0,1990s
0.769,0.505,-7.345,0.0829,0.311,7.49e-05,0.757,171.804,6qspW4YKycviDFjHBOaqUY,1.0,0.0,1990s
0.894,0.791,-4.699,0.112,0.0183,0.0,0.583,105.018,5rb9QrpfcKFHM1EUbSIurX,1.0,1.0,2000s
0.429,0.661,-7.227,0.0281,0.00239,0.000121,0.285,173.372,3AJwUDP919kvQ9QcozQPxg,0.0,0.0,2000s
0.657,0.629,-4.938,0.0782,0.194,0.0,0.726,93.985,2QsZVnbWVSjKMXK6K3uRBL,1.0,1.0,2000s
0.908,0.669,-2.827,0.0738,0.00286,0.0,0.662,112.238,7lQ8MOhq6IN2w8EYcFNSUk,1.0,1.0,2000s
0.662,0.507,-8.238,0.118,0.257,0.0,0.676,86.412,68vgtRHr7iZHpzGpon6Jlo,1.0,0.0,2000s
0.79,0.647,-5.983,0.136,0.0515,0.0,0.654,87.999,4EWCNWgDS8707fNSZ1oaA5,1.0,1.0,2000s
0.556,0.864,-5.87,0.0584,0.00958,0.0,0.4,105.143,60a0Rd6pjrkxjPbaKzXjfq,0.0,1.0,2000s
0.573,0.712,-5.976,0.0732,0.0572,0.0,0.346,140.012,5j0McHPthKpOXRr3fBq8M0,0.0,1.0,2000s
0.352,0.911,-5.23,0.0747,0.00121,0.0,0.236,148.033,003vvx7Niy0yvhvHt4a68B,0.0,1.0,2000s
0.486,0.617,-7.115,0.0287,0.0954,3.23e-06,0.417,138.015,1mea3bSkSGXuIRvnydlB5b,0.0,0.0,2000s
0.816,0.5,-4.551,0.03,0.0227,1.53e-06,0.649,124.037,7J41dYQolQJEtj3UmKLu5r,1.0,1.0,2000s
0.949,0.661,-4.244,0.0572,0.0302,0.0,0.76,104.504,3yfqSUWxFvZELEM4PmlwIR,1.0,1.0,2000s
0.817,0.806,-4.606,0.0623,0.027,9e-06,0.805,110.086,5zdUc1JRCImBYcDWgvFNpE,1.0,1.0,2000s
0.639,0.628,-7.578,0.0399,0.0381,0.0,0.43,90.482,5TRPicyLGbAF2LGBFbHGvO,0.0,1.0,2000s
0.496,0.863,-4.153,0.0381,0.0046,0.0,0.243,110.018,2nLtzopw4rPReszdYBJU6h,0.0,1.0,2000s
0.743,0.446,-7.807,0.0683,0.0039,0.118,0.278,123.596,3dPQuX8Gs42Y7b454ybpMR,0.0,0.0,2000s
0.939,0.742,-5.171,0.0467,0.321,0.0,0.924,118.978,2kQuhkFX7uSVepCD3h29g5,1.0,1.0,2000s
0.778,0.824,-5.892,0.0707,0.284,0.0,0.758,100.024,3ZFTkvIE7kyPt6Nu3PEa7V,1.0,1.0,2000s
0.331,0.943,-3.188,0.0698,0.00721,2.06e-06,0.296,94.612,0COqiPhxzoWICwFCS4eZcp,0.0,1.0,2000s
0.557,0.442,-7.224,0.0243,0.731,1.46e-05,0.213,146.277,75JFxkI2RXiU7L9VXzMkle,0.0,0.0,2000s
0.548,0.847,-3.237,0.186,0.0622,0.0,0.1,171.447,4xkOaSrkexMciUUogZKVTS,0.0,1.0,2000s
0.808,0.97,-6.098,0.0506,0.0569,6.13e-05,0.868,114.328,2gam98EZKrF9XuOkU13ApN,1.0,1.0,2000s
0.696,0.921,-3.755,0.0363,0.00314,5.24e-05,0.714,119.001,0SiywuOBRcynK0uKGWdCnn,1.0,1.0,2000s
0.618,0.938,-3.442,0.0456,0.0179,0.0,0.875,91.455,3ZOEytgrvLwQaqXreDs2Jx,1.0,1.0,2000s
0.818,0.705,-6.679,0.177,0.00836,0.00233,0.772,138.559,0d28khcov6AiegSCpG5TuT,1.0,1.0,2000s
0.731,0.807,-6.492,0.1,0.181,0.751,0.765,114.759,2bLqfJjuC5syrsgDsZfGmn,1.0,1.0,2000s
0.673,0.886,-4.44,0.0431,0.185,0.0,0.795,97.012,4HlFJV71xXKIGcU3kRyttv,1.0,1.0,2000s
0.712,0.862,-4.612,0.0378,0.0525,0.0,0.809,95.051,6ECp64rv50XVz93WvxXMGF,1.0,1.0,2000s
0.583,0.829,-4.603,0.134,0.00864,0.0,0.575,174.028,49FYlytm3dAAraYgpoJZux,1.0,1.0,2000s
0.209,0.417,-8.74,0.0338,0.164,0.00196,0.124,138.178,7LVHVU3tWfcxj5aiPFEW4Q,0.0,0.0,2000s
0.733,0.71,-5.849,0.0292,0.145,0.115,0.965,127.975,7w87IxuO7BDcJ3YUqCyMTT,1.0,1.0,2000s
0.755,0.837,-2.718,0.142,0.0991,0.0,0.714,120.028,0HPD5WQqrq7wPWR7P7Dw1i,1.0,1.0,2000s
0.446,0.764,-5.042,0.033,0.00135,0.0,0.543,172.094,0gmbgwZ8iqyMPmXefof8Yf,0.0,1.0,2000s
0.491,0.956,-1.538,0.392,0.0295,0.0,0.811,173.585,2igwFfvr1OAGX9SKDCPBwO,1.0,1.0,2000s
0.657,0.734,-4.832,0.484,0.149,0.0,0.434,91.03,5SkRLpaGtvYPhw02vZhQQ9,0.0,1.0,2000s
0.577,0.749,-7.215,0.0279,0.599,0.0115,0.255,130.97,0BCPKOYdS2jbQ8iyB56Zns,0.0,0.0,2000s
0.643,0.849,-5.428,0.0526,0.0371,0.0,0.903,162.152,6GG73Jik4jUlQCkKg9JuGO,1.0,1.0,2000s
0.852,0.797,-6.543,0.0614,0.322,2.69e-06,0.741,96.008,228BxWXUYQPJrJYHDLOHkj,1.0,1.0,2000s
0.542,0.905,-5.653,0.054,0.00172,0.0104,0.374,153.398,0ntQJM78wzOLVeCUAW7Y45,0.0,1.0,2000s
0.78,0.768,-4.325,0.238,0.0371,2.34e-06,0.507,80.063,3UmaczJpikHgJFyBTAJVoz,1.0,1.0,2000s
0.629,0.696,-5.572,0.348,0.0195,0.0,0.623,93.034,1PS1QMdUqOal0ai3Gt7sDQ,1.0,1.0,2000s
0.56,0.595,-4.53,0.0274,0.199,6.47e-05,0.144,104.011,5hnyJvgoWiQUYZttV4wXy6,0.0,1.0,2000s
0.609,0.444,-9.129,0.106,0.603,6.86e-06,0.166,118.402,3XVBdLihbNbxUwZosxcGuJ,0.0,0.0,2000s
0.727,0.974,-2.261,0.0664,0.103,0.000532,0.965,79.526,2PpruBYCo4H7WOBJ7Q2EwM,1.0,1.0,2000s
0.796,0.777,-4.81,0.0397,0.0261,0.000358,0.787,132.722,4wH4dJgrsxONID6KS2tDQM,1.0,1.0,2000s
0.617,0.717,-7.858,0.153,0.00564,0.0,0.49,103.992,0j2T0R9dR9qdJYsB7ciXhf,0.0,1.0,2000s
0.918,0.609,-5.64,0.0791,0.0928,0.0,0.304,128.008,0CAfXk7DXMnon4gLudAp7J,0.0,1.0,2000s
0.651,0.663,-5.569,0.0281,0.228,0.0,0.465,102.0,4llK75pXNWZz6KAho2Gp16,0.0,1.0,2000s
0.802,0.785,-4.781,0.207,0.14,0.0,0.435,99.998,2wGSgTmgSF3xjRrHkTc25R,0.0,1.0,2000s
0.589,0.89,-3.719,0.0603,0.000481,0.00082,0.692,90.598,5W8YXBz9MTIDyrpYaCg2Ky,1.0,1.0,2000s
0.843,0.806,-5.946,0.269,0.143,0.0,0.613,94.948,0I3q5fE6wg7LIfHGngUTnV,1.0,1.0,2000s
0.872,0.872,-6.328,0.139,0.0476,0.00112,0.809,116.948,2aI21FnmY7TJVKeMaoQZ0t,1.0,1.0,2000s
0.545,0.865,-5.708,0.0286,0.00664,1.1e-05,0.543,99.009,6ZOBP3NvffbU4SZcrnt1k6,1.0,1.0,2000s
0.788,0.844,-3.131,0.0334,0.25,0.000678,0.382,113.324,6ic8OlLUNEATToEFU3xmaH,0.0,1.0,2000s
0.834,0.699,-3.222,0.178,0.111,0.0,0.809,94.086,0xmjwnQ3FNE6HuWCt2nHdZ,1.0,1.0,2000s
0.623,0.93,-5.285,0.0324,0.0141,1.64e-06,0.287,120.119,18lR4BzEs7e3qzc0KVkTpU,0.0,1.0,2000s
0.64,0.743,-4.08,0.0379,0.269,0.0,0.361,122.035,5fVZC9GiM4e8vu99W0Xf6J,0.0,1.0,2000s
0.922,0.909,-2.429,0.27,0.0281,0.0,0.309,95.295,4LwU4Vp6od3Sb08CsP99GC,0.0,1.0,2000s
0.614,0.574,-7.961,0.466,0.0253,3.2e-05,0.755,125.173,5D2mYZuzcgjpchVY1pmTPh,1.0,1.0,2000s
0.835,0.669,-5.582,0.0643,0.0336,6.92e-05,0.542,122.668,0ByMNEPAPpOR5H69DVrTNy,1.0,1.0,2000s
0.796,0.766,-5.974,0.238,0.0742,0.0,0.558,110.034,3iVcZ5G6tvkXZkZKlMpIUs,1.0,1.0,2000s
0.403,0.422,-13.964,0.0373,0.134,2.05e-05,0.378,122.728,3FAclTFfvUuQYnEsptbK8w,0.0,0.0,2000s
0.951,0.6,-4.675,0.0685,0.106,0.0,0.822,125.04,0k2GOhqsrxDTAbFFSdNJjT,1.0,1.0,2000s
0.585,0.776,-5.898,0.0459,0.0572,7.74e-06,0.427,77.987,5xEM5hIgJ1jjgcEBfpkt2F,0.0,1.0,2000s
0.277,0.663,-8.821,0.0377,0.000409,0.00051,0.527,104.561,20I8RduZC2PWMWTDCZuuAN,0.0,0.0,2000s
0.892,0.714,-6.055,0.141,0.201,0.000234,0.817,100.972,1AWQoqb9bSvzTjaLralEkT,1.0,1.0,2000s
0.911,0.551,-3.75,0.0449,0.132,4.12e-05,0.969,92.887,3aw9iWUQ3VrPQltgwvN9Xu,1.0,1.0,2000s
0.739,0.511,-7.844,0.0362,0.167,1.34e-06,0.542,96.038,2nGFzvICaeEWjIrBrL2RAx,1.0,0.0,2000s
0.751,0.834,-5.444,0.0437,0.3,1.77e-05,0.894,95.053,6naxalmIoLFWR0siv8dnQQ,1.0,1.0,2000s
0.452,0.574,-8.336,0.31,0.246,0.0,0.58,92.791,6brl7bwOHmGFkNw3MBqssT,1.0,0.0,2000s
0.967,0.583,-5.562,0.0789,0.0584,0.0,0.964,117.0,0O45fw2L5vsWpdsOdXwNAR,1.0,1.0,2000s
0.779,0.64,-8.415,0.159,0.000155,0.00077,0.498,99.019,4TsmezEQVSZNNPv5RJ65Ov,1.0,1.0,2000s
0.459,0.891,-5.057,0.0623,0.00511,0.0,0.588,154.837,3Zwu2K0Qa5sT6teCCHPShP,1.0,1.0,2000s
0.556,0.913,-2.36,0.0437,0.0193,8.59e-06,0.73,96.184,10Nmj3JCNoMeBQ87uw5j8k,1.0,1.0,2000s
0.632,0.924,-1.802,0.29,0.281,0.0,0.441,86.844,7LR85XLWw2yXqKBSI5brbG,0.0,1.0,2000s
0.654,0.81,-6.26,0.0288,0.00719,0.00251,0.661,114.623,2MLHyLy5z5l5YRp7momlgw,1.0,1.0,2000s
0.727,0.552,-8.074,0.14,0.227,0.000164,0.607,168.189,0ARK753YaiJbpLUk7z5yIM,1.0,0.0,2000s
0.656,0.291,-10.572,0.0293,0.872,0.0,0.298,103.971,4RCWB3V8V0dignt99LZ8vH,0.0,0.0,2000s
0.474,0.671,-4.649,0.0289,0.0129,0.0,0.0682,82.94,5B5eTk7DF8KVp1zpQoY1XY,0.0,1.0,2000s
0.72,0.672,-6.852,0.0551,0.009,0.0,0.705,124.986,3GpbwCm3YxiWDvy29Uo3vP,1.0,1.0,2000s
0.646,0.77,-6.596,0.226,0.00249,0.0,0.681,99.165,5IVuqXILoxVWvWEPm82Jxr,1.0,1.0,2000s
0.692,0.744,-4.565,0.257,0.00868,0.000423,0.0612,171.374,5Z01UMMf7V1o0MzF86s6WJ,0.0,1.0,2000s
0.433,0.959,-4.04,0.0431,0.000917,0.0,0.365,172.984,7x8dCjCr0x6x2lXKujYD34,0.0,1.0,2000s
0.693,0.729,-2.99,0.378,0.171,0.0,0.521,117.848,6etwirSInfuJrSOlogS6Sh,1.0,1.0,2000s
0.924,0.74,-1.299,0.0774,0.0827,0.0,0.621,133.974,7iXF2W9vKmDoGAhlHdpyIa,1.0,1.0,2000s
0.871,0.701,-5.594,0.0458,0.257,7.52e-06,0.716,126.975,5r5cp9IpziiIsR6b93vcnQ,1.0,1.0,2000s
0.707,0.813,-4.515,0.0571,0.0863,0.0,0.722,124.921,2VOomzT6VavJOGBeySqaMc,1.0,1.0,2000s
0.622,0.469,-6.798,0.0363,0.00454,2.25e-06,0.679,77.019,6FB3v4YcR57y4tXFcdxI1E,1.0,1.0,2000s
0.727,0.68,-4.498,0.0286,0.0101,0.0,0.728,132.012,6cmm1LMvZdB5zsCwX5BjqE,1.0,1.0,2000s
0.72,0.808,-5.627,0.0379,0.00793,0.0293,0.869,126.041,49X0LAl6faAusYq02PRAY6,1.0,1.0,2000s
0.7,0.709,-5.006,0.0838,0.0048,0.0,0.624,122.019,1gv4xPanImH17bKZ9rOveR,1.0,1.0,2000s
0.713,0.678,-3.525,0.102,0.273,0.0,0.734,138.009,7H6ev70Weq6DdpZyyTmUXk,1.0,1.0,2000s
0.766,0.563,-7.516,0.0339,0.0263,0.683,0.964,126.007,3E7ZwUMJFqpsDOJzEkBrQ7,1.0,1.0,2000s
0.563,0.75,-4.496,0.127,0.113,0.0,0.812,173.906,60jzFy6Nn4M0iD1d94oteF,1.0,1.0,2000s
0.758,0.712,-3.781,0.112,0.0185,0.0,0.795,149.998,2q4rjDy9WhaN3o9MvDbO21,1.0,1.0,2000s
0.217,0.905,-4.103,0.0752,0.000289,0.00011,0.236,96.95,5wQnmLuC1W7ATsArWACrgW,0.0,1.0,2000s
0.679,0.587,-7.015,0.276,0.141,6.35e-06,0.486,186.003,7MXVkk9YMctZqd1Srtv4MB,0.0,0.0,2010s
0.359,0.543,-7.582,0.0919,0.492,1.58e-05,0.453,68.534,1dGr1c8CrMLDpV6mPbImSI,0.0,0.0,2010s
0.612,0.807,-2.81,0.0336,0.0495,0.0177,0.398,124.053,2QjOHCTQ1Jl3zawyYOpxh6,0.0,1.0,2010s
0.558,0.559,-9.222,0.0959,0.371,7.49e-06,0.62,78.558,7KA4W4McWYRpgf0fWsJZWB,1.0,0.0,2010s
0.612,0.28,-8.648,0.0434,0.932,0.0,0.387,72.795,0nJW01T7XtvILxQgC5J7Wh,0.0,0.0,2010s
0.545,0.545,-7.362,0.107,0.667,5.48e-05,0.549,159.94,3xKsf9qdS1CyvXSMEid6g8,0.0,0.0,2010s
0.37,0.467,-9.013,0.0273,0.0205,0.572,0.182,94.485,0yc6Gst2xkRu0eMLeRMGCX,0.0,0.0,2010s
0.445,0.537,-8.532,0.04,0.695,1.65e-05,0.131,122.769,3JvKfv6T31zO0ini8iNItO,0.0,0.0,2010s
0.501,0.405,-5.679,0.0319,0.751,0.0,0.446,109.891,7qEHsqek33rTcFNT9PFqLf,0.0,0.0,2010s
0.792,0.625,-5.609,0.0536,0.00776,0.0018,0.37,103.967,1zi7xx7UVEFkmKfv06H8x0,0.0,1.0,2010s
0.69,0.521,-8.492,0.339,0.324,0.0,0.494,100.028,68Dni7IE4VyPkTOH9mRWHr,0.0,0.0,2010s
0.691,0.631,-6.478,0.0368,0.0483,1.13e-05,0.8,92.004,086myS9r57YsLbJpU0TgK9,1.0,1.0,2010s
0.599,0.448,-6.312,0.0232,0.163,0.0,0.168,95.05,0tgVpDi06FyKpA1z0VMD4v,0.0,0.0,2010s
0.726,0.698,-4.165,0.0431,0.049,0.0,0.867,143.994,3w3y8KPTfNeOKPiqUTakBh,1.0,1.0,2010s
0.776,0.78,-4.374,0.128,0.0622,0.0,0.666,124.949,0pqnGHJpmpxLKifKRmU6WP,1.0,1.0,2010s
0.664,0.705,-4.972,0.0382,0.0654,0.0,0.477,122.016,2tpWsVSb9UEmDRxAl1zhX1,0.0,1.0,2010s
0.585,0.564,-7.063,0.0515,0.0671,0.0,0.137,113.003,7fBv7CLKzipRk6EC6TWHOB,0.0,0.0,2010s
0.684,0.607,-8.127,0.1,0.0267,0.000307,0.498,81.001,0JXXNGljqupsJaZsgSbMZV,1.0,1.0,2010s
0.841,0.728,-3.37,0.0484,0.0847,0.0,0.43,130.049,6gBFPUFcJLzWGx4lenP6h2,0.0,1.0,2010s
0.672,0.52,-7.747,0.0353,0.859,0.0,0.37,120.001,5O2P9iiztwhomNh8xkR9lJ,0.0,0.0,2010s
0.548,0.532,-7.596,0.0323,0.186,0.000263,0.405,85.03,5FVd6KXrgO9B3JPmC8OPst,0.0,0.0,2010s
0.635,0.841,-5.379,0.0422,0.0134,0.0,0.424,109.021,7BqBn9nzAq8spo5e7cZ0dJ,0.0,1.0,2010s
0.346,0.552,-6.864,0.0282,0.417,0.0,0.0789,75.881,6VObnIkLVruX4UVyxWhlqm,0.0,0.0,2010s
0.545,0.675,-6.474,0.0279,0.00617,0.00197,0.162,124.97,0FDzzruyVECATHXKHFs9eJ,0.0,1.0,2010s
0.825,0.652,-3.183,0.0802,0.581,0.0,0.931,95.977,7qiZfU4dY1lWllzX7mPBI3,1.0,1.0,2010s
0.532,0.783,-5.697,0.0523,0.0038,0.0012,0.643,124.08,0nrRP2bk19rLc0orkWPQk2,1.0,1.0,2010s
0.548,0.816,-4.209,0.0465,0.122,0.0,0.557,95.39,6UelLqGlWMcVH1E5c4H7lY,1.0,1.0,2010s
0.324,0.416,-8.92,0.0368,0.262,3.69e-05,0.151,113.986,2nMeu6UenVvwUktBCpLMK9,0.0,0.0,2010s
0.461,0.593,-4.954,0.0356,0.17,0.0,0.175,134.17,09mEdoA6zrmBPgTEN5qXmN,0.0,1.0,2010s
0.695,0.762,-3.497,0.0395,0.192,0.00244,0.553,120.042,21jGcNKet2qwijlDFuPiPb,1.0,1.0,2010s
0.866,0.813,-4.063,0.0554,0.38,0.0,0.969,121.998,7JJmb5XwzOO8jgpou264Ml,1.0,1.0,2010s
0.749,0.925,-5.034,0.227,0.241,0.0,0.641,86.989,15JINEqzVMv3SvJTAXAKED,1.0,1.0,2010s
0.605,0.822,-4.833,0.0438,0.00671,0.134,0.288,167.997,1zB4vmk8tFRmM9UULNzbLB,0.0,1.0,2010s
0.698,0.633,-4.946,0.0597,0.0605,0.000194,0.552,96.924,3GCdLUSnKSMJhs4Tj6CV3s,1.0,1.0,2010s
0.527,0.835,-5.298,0.0433,0.0166,0.0,0.654,125.983,0ct6r3EGTcMLPtrXHDvVjc,1.0,1.0,2010s
0.652,0.557,-5.714,0.0318,0.74,0.0,0.483,150.073,2qxmye6gAegTMjLKEBoR3d,0.0,0.0,2010s
0.64,0.74,-4.083,0.0284,0.0115,0.00678,0.785,116.879,6K4t31amVTZDgR3sKmwUJJ,1.0,1.0,2010s
0.649,0.716,-5.371,0.0349,0.0863,2.63e-05,0.163,99.988,0lYBSQXN6rCTvUZvg9S0lU,0.0,1.0,2010s
0.422,0.264,-7.064,0.0322,0.922,0.0,0.331,119.93,3U4isOIWM3VvDubwSI3y7a,0.0,0.0,2010s
0.734,0.637,-5.677,0.141,0.0462,2.29e-05,0.648,169.977,3CRDbSIZ4r5MsZ0YwxuEkn,1.0,1.0,2010s
0.509,0.637,-4.83,0.0471,0.0717,1.08e-05,0.378,172.006,5oO3drDxtziYU2H1X23ZIp,0.0,1.0,2010s
0.588,0.521,-9.461,0.0329,0.0678,0.149,0.337,85.012,5E30LdtzQTGqRvNd7l6kG5,0.0,0.0,2010s
0.726,0.769,-5.043,0.123,0.0293,0.0101,0.733,97.985,3B54sVLJ402zGa6Xm4YGNe,1.0,1.0,2010s
0.766,0.709,-6.471,0.123,0.204,1.41e-05,0.506,128.07,1P17dC1amhFzptugyAO7Il,0.0,1.0,2010s
0.742,0.713,-5.522,0.0303,0.0205,0.0,0.879,120.032,4gbVRS8gloEluzf0GzDOFc,1.0,1.0,2010s
0.755,0.522,-4.368,0.0575,0.533,0.0,0.925,89.96,0RiRZpuVRbi7oqRdSMwhQY,1.0,1.0,2010s
0.444,0.819,-4.078,0.341,0.106,0.0,0.747,82.695,3QGsuHI8jO1Rx4JWLUh9jd,1.0,1.0,2010s
0.681,0.372,-8.237,0.0432,0.64,0.0,0.476,91.873,1mXVgsBdtIVeCLJnSnmtdV,0.0,0.0,2010s
0.459,0.575,-4.858,0.0573,0.604,0.0,0.183,111.881,2gMXnyrvIjhVBUZwvLZDMP,0.0,0.0,2010s
0.754,0.449,-9.211,0.109,0.0332,8.29e-05,0.357,77.169,6DCZcSspjsKoFjzjrWoCdn,0.0,0.0,2010s
0.834,0.73,-3.714,0.222,0.00513,0.0,0.446,155.008,2xLMifQCjDGFmkHkpNLD9h,0.0,1.0,2010s
0.687,0.792,-2.749,0.0452,0.191,0.0,0.671,100.011,7BqHUALzNBTanL6OvsqmC1,1.0,1.0,2010s
0.418,0.42,-6.444,0.0414,0.588,6.39e-05,0.184,84.094,5Nm9ERjJZ5oyfXZTECKmRt,0.0,0.0,2010s
0.809,0.463,-11.377,0.0396,0.256,0.085,0.364,111.98,5mCPDVBb16L4XQwDdbRUpz,0.0,0.0,2010s
0.775,0.327,-7.241,0.0557,0.841,0.0,0.595,91.05,4cktbXiXOapiLBMprHFErI,1.0,0.0,2010s
0.765,0.473,-5.829,0.0514,0.287,0.0,0.34,119.992,5kqIPrATaCc2LqxVWzQGbk,0.0,0.0,2010s
0.609,0.378,-9.828,0.438,0.835,0.0,0.515,100.418,50kpGaPAhYJ3sGmk6vplg0,0.0,0.0,2010s
0.778,0.317,-10.732,0.334,0.592,0.0,0.327,140.048,6ocbgoVGwYJhOv1GgI9NsF,0.0,0.0,2010s
0.8,0.585,-7.343,0.0924,0.264,0.0,0.779,126.058,6PGoSes0D9eUDeeAafB2As,1.0,1.0,2010s
0.511,0.566,-7.23,0.2,0.349,0.0,0.218,83.903,285pBltuF7vW8TeWk8hdRR,0.0,0.0,2010s
0.789,0.706,-4.233,0.0429,0.112,1.71e-05,0.638,125.911,2ENexcMEMsYk0rVJigVD3i,1.0,1.0,2010s
0.789,0.858,-5.542,0.311,0.127,0.0,0.775,140.022,1auxYwYrFRqZP7t3s7w4um,1.0,1.0,2010s
0.677,0.485,-5.795,0.0361,0.529,2.04e-05,0.493,82.001,7795WJLVKJoAyVoOtCWqXN,0.0,0.0,2010s
0.705,0.769,-5.526,0.0425,0.113,0.0,0.583,107.949,22VdIZQfgXJea34mQxlt81,1.0,1.0,2010s
0.748,0.524,-5.599,0.0338,0.414,0.0,0.661,95.01,7BKLCZ1jbUBVqRi2FVlTVw,1.0,1.0,2010s
0.671,0.939,-3.206,0.161,0.191,0.0,0.53,129.024,4QNpBfC0zvjKqPJcyqBy9W,1.0,1.0,2010s
0.654,0.76,-3.669,0.045,0.0797,0.0,0.41,99.945,09CtPGIpYB4BrO8qb1RGsF,0.0,1.0,2010s
0.726,0.787,-2.494,0.0737,0.009,0.0,0.888,124.99,4cluDES4hQEUhmXj6TXkSo,1.0,1.0,2010s
0.449,0.585,-6.761,0.0268,0.0509,8.75e-05,0.212,139.631,6nek1Nin9q48AVZcWs9e9D,0.0,0.0,2010s
0.495,0.722,-8.108,0.357,0.0697,0.0,0.539,175.627,4tqcoej1zPvwePZCzuAjJd,0.0,1.0,2010s
0.578,0.866,-3.804,0.0619,0.00701,0.0,0.619,128.038,4kbj5MwxO1bq9wjT5g9HaA,1.0,1.0,2010s
0.655,0.819,-4.852,0.0316,0.000176,0.00374,0.766,117.956,6Z8R6UsFuGXGtiIxiD8ISb,1.0,1.0,2010s
0.791,0.862,-3.24,0.11,0.037,2.19e-05,0.592,123.994,7ef4DlsgrMEH11cDZd32M6,1.0,1.0,2010s
0.689,0.481,-7.503,0.0815,0.369,1.03e-06,0.283,80.025,2JzZzZUQj3Qff7wapcbKjc,0.0,0.0,2010s
0.754,0.646,-5.795,0.317,0.152,1.85e-05,0.429,176.089,0fea68AdmYNygeTGI4RC18,0.0,1.0,2010s
0.765,0.356,-5.556,0.195,0.223,0.0,0.189,96.991,3pXF1nA74528Edde4of9CC,0.0,0.0,2010s
0.663,0.861,-3.398,0.109,0.0338,0.0,0.654,119.963,4356Typ82hUiFAynbLYbPn,1.0,1.0,2010s
0.491,0.693,-6.487,0.0377,0.211,6.92e-06,0.412,90.027,3RiPr603aXAoi4GHyXx0uy,0.0,1.0,2010s
0.913,0.603,-4.892,0.226,0.0272,0.000503,0.497,123.061,3GZD6HmiNUhxXYf8Gch723,1.0,1.0,2010s
0.897,0.662,-6.903,0.292,0.0852,0.0,0.389,112.511,78QR3Wp35dqAhFEc2qAGjE,0.0,1.0,2010s
0.631,0.927,-2.787,0.0332,0.199,0.119,0.465,123.962,0azC730Exh71aQlOt9Zj3y,0.0,1.0,2010s
0.585,0.52,-6.136,0.0712,0.124,7.01e-05,0.129,159.801,0e7ipj03S05BNilyu5bRzt,0.0,0.0,2010s
0.775,0.613,-4.586,0.0542,0.109,2.33e-05,0.797,100.066,5cF0dROlMOK5uNZtivgu50,1.0,1.0,2010s
0.745,0.353,-10.614,0.0983,0.174,0.00662,0.598,160.111,0WtDGnWL2KrMCk0mI1Gpwz,1.0,0.0,2010s
0.516,0.595,-4.63,0.0313,0.0275,0.0,0.222,119.972,5Ohxk2dO5COHF1krpoPigN,0.0,1.0,2010s
0.731,0.445,-8.418,0.0533,0.0586,1.96e-05,0.106,117.97,55n9yjI6qqXh5F2mYvUc2y,0.0,0.0,2010s
0.628,0.593,-5.036,0.0323,0.093,1.65e-06,0.104,125.026,7xoUc6faLbCqZO6fQEYprd,0.0,1.0,2010s
0.498,0.59,-4.721,0.032,0.511,0.0,0.0784,145.867,161DnLWsx1i3u1JT05lzqU,0.0,0.0,2010s
0.646,0.823,-4.123,0.0394,0.213,0.0,0.418,128.035,7MmG8p0F9N3C4AXdK6o6Eb,0.0,1.0,2010s
0.484,0.731,-6.694,0.0379,0.431,0.0,0.51,101.654,3JvrhDOgAt6p7K8mDyZwRd,0.0,1.0,2010s
0.781,0.445,-6.061,0.0295,0.474,0.0,0.591,78.998,34gCuhDGsG4bRPIf9bb02f,1.0,0.0,2010s
0.658,0.671,-12.21,0.0363,0.0933,0.000927,0.166,100.966,2vXKRlJBXyOcvZYTdNeckS,0.0,0.0,2010s
0.6,0.663,-5.802,0.0477,0.225,0.0,0.286,121.07,4nVBt6MZDDP6tRVdQTgxJg,0.0,1.0,2010s
0.943,0.558,-4.911,0.0568,0.0026,2.19e-06,0.606,104.983,4xhsWYTOGcal8zt0J161CU,1.0,1.0,2020s
0.662,0.488,-6.894,0.0682,0.782,0.0,0.817,117.913,0mflMxspEfB0VbI1kyLiAv,1.0,0.0,2020s
0.788,0.758,-6.513,0.0505,0.198,8.5e-05,0.823,119.008,7gaA3wERFkFkgivjwbSvkG,1.0,1.0,2020s
0.628,0.523,-8.307,0.0946,0.701,0.00274,0.416,169.982,5mjYQaktjmjcMKcUIcqz4s,0.0,0.0,2020s
0.706,0.691,-4.775,0.0633,0.0584,6.99e-05,0.632,118.048,7DSAEUvxU8FajXtRloy8M0,1.0,1.0,2020s
0.511,0.532,-5.745,0.0578,0.177,0.0,0.35,138.005,1kuGVB7EU95pJObxwvfwKS,0.0,0.0,2020s
0.52,0.731,-5.338,0.0557,0.342,0.00101,0.662,173.93,4Dvkj6JhhA12EX05fT7y2e,1.0,1.0,2020s
0.508,0.43,-9.475,0.0335,0.83,0.000441,0.324,130.09,1odExI7RdWc4BT515LTAwj,0.0,0.0,2020s
0.637,0.643,-6.571,0.0519,0.13,1.8e-06,0.533,97.008,0V3wPSX9ygBnCm8psDIegu,1.0,1.0,2020s
0.715,0.62,-6.005,0.0484,0.417,0.0,0.172,97.95,2dHHgzDwk4BJdRwy9uXhTO,0.0,0.0,2020s
0.644,0.735,-5.747,0.0391,0.0521,0.144,0.418,88.98,1Qrg8KqiBpW07V7PNxwwwL,0.0,1.0,2020s
0.571,0.544,-10.613,0.0299,0.453,0.00805,0.216,132.052,1xK59OXxi2TAAAbmZK0kBL,0.0,0.0,2020s
0.613,0.581,-8.588,0.0424,0.537,0.000345,0.551,130.033,4R2kfaDFhslZEMJqAFNpdd,0.0,0.0,2020s
0.357,0.425,-7.301,0.0333,0.584,0.0,0.27,102.078,4xqrdfXkTW4T0RauPLv3WA,0.0,0.0,2020s
0.761,0.525,-6.9,0.0944,0.44,6.7e-06,0.531,80.87,3USxtqRwSYz57Ewm6wWRMp,1.0,0.0,2020s
0.601,0.741,-5.569,0.0478,0.185,2.91e-05,0.441,153.96,6I3mqTwhRpn34SLVafSH7G,0.0,1.0,2020s
0.911,0.712,-5.105,0.0817,0.0901,2.68e-05,0.425,92.005,6Sq7ltF9Qa7SNFBsV5Cogx,1.0,1.0,2020s
0.712,0.603,-5.52,0.0262,0.186,0.0,0.67,97.994,1Lo0QY9cvc8sUB2vnIOxDT,1.0,1.0,2020s
0.85,0.699,-3.292,0.0776,0.152,0.0,0.915,114.481,0cVyQfDyRnMJ0V3rjjdlU3,1.0,1.0,2020s
0.561,0.431,-8.81,0.0578,0.768,1.42e-05,0.137,143.875,5wANPM4fQCJwkGd4rN57mH,0.0,0.0,2020s
0.571,0.458,-9.283,0.0258,0.544,9.27e-05,0.299,132.025,5LrN7yUQAzvthd4QujgPFr,0.0,0.0,2020s
0.532,0.623,-9.208,0.0331,0.538,7.28e-05,0.403,89.937,3hUxzQpSfdDqwM3ZTFQY0K,0.0,0.0,2020s
0.776,0.817,-6.018,0.0748,0.18,3.44e-05,0.515,149.921,5sdQOyqq2IDhvmx2lHOpwd,0.0,1.0,2020s
0.362,0.54,-6.031,0.0528,0.338,0.0,0.3,78.007,1ei3hzQmrgealgRKFxIcWn,0.0,0.0,2020s
0.672,0.642,-4.035,0.0313,0.0981,0.0,0.494,121.981,1daDRI9ahBonbWD8YcxOIB,0.0,1.0,2020s
0.812,0.761,-5.222,0.0812,0.0465,0.000135,0.344,130.032,4SFknyjLcyTLJFPKD2m96o,0.0,1.0,2020s
0.442,0.612,-7.222,0.112,0.584,5.7e-06,0.178,180.917,6HU7h9RYOaPRFeh0R3UeAr,0.0,0.0,2020s
0.847,0.733,-6.439,0.16,0.00574,1.04e-05,0.202,130.029,6pcywuOeGGWeOQzdUyti6k,0.0,1.0,2020s
0.896,0.586,-6.687,0.0559,0.104,0.0,0.642,116.971,0nbXyq5TXYPCO7pr3N8S4I,1.0,1.0,2020s
0.642,0.62,-7.091,0.0666,0.0734,0.0,0.0969,90.02,7KokYm8cMIXCsGVmUvKtqf,0.0,0.0,2020s
0.864,0.556,-7.683,0.194,0.255,3.85e-06,0.726,99.974,56y1jOTK0XSvJzVv9vHQBK,1.0,1.0,2020s
0.563,0.664,-5.044,0.154,0.335,0.0,0.688,166.928,4ZtFanR9U6ndgddUvNcjcG,1.0,1.0,2020s
0.901,0.589,-6.713,0.289,0.00302,0.000237,0.399,98.002,1zsPaEkglFvxjAhrM8yhpr,0.0,1.0,2020s
0.332,0.225,-8.697,0.0348,0.767,0.00349,0.297,81.055,4RVwu0g32PAqgUiJoXsdF8,0.0,0.0,2020s
0.565,0.636,-8.198,0.0638,0.107,9.9e-06,0.525,170.01,76OGwb5RA9h4FxQPT33ekc,0.0,0.0,2020s
0.653,0.524,-9.016,0.0502,0.112,0.0,0.553,83.97,6tDDoYIxWvMLTdKpjFkc1B,1.0,0.0,2020s
0.561,0.52,-9.342,0.244,0.0503,1.86e-06,0.424,153.15,1bDbXMyjaUIooNwFE9wn0N,0.0,0.0,2020s
0.829,0.617,-8.497,0.14,0.227,0.00306,0.81,125.605,4S4QJfBGGrC8jRIjJHf1Ka,1.0,1.0,2020s
0.824,0.764,-4.175,0.0854,0.0888,0.00294,0.881,107.998,6Uj1ctrBOjOas8xZXGqKk4,1.0,1.0,2020s
0.65,0.715,-5.198,0.253,0.0993,0.000291,0.187,106.672,1IHWl5LamUGEuP4ozKQSXZ,0.0,1.0,2020s
0.87,0.517,-7.918,0.0475,0.576,0.00553,0.54,111.002,3HqcNJdZ2seoGxhn0wVNDK,1.0,0.0,2020s
0.591,0.764,-5.484,0.0483,0.0383,0.0,0.478,169.928,5HCyWlXZPP0y6Gqq8TgA20,0.0,1.0,2020s
0.666,0.465,-8.545,0.26,0.0503,0.0,0.292,167.937,40iJIUlhi6renaREYGeIDS,0.0,0.0,2020s
0.768,0.714,-5.11,0.0401,0.352,0.0,0.842,131.443,5YqEzk3C5c3UZ1D5fJUlXA,1.0,1.0,2020s
0.538,0.742,-5.355,0.114,0.138,4.67e-05,0.25,96.107,5mHdCZtVyb4DcJw8799hZp,0.0,1.0,2020s
0.796,0.798,-6.312,0.0317,0.034,4.19e-05,0.942,116.032,6zSpb8dQRaw0M1dK8PBwQz,1.0,1.0,2020s
0.702,0.825,-3.787,0.0601,0.00883,0.0,0.915,102.977,5nujrmhLynf4yMoMtj8AQF,1.0,1.0,2020s
0.573,0.422,-7.621,0.0678,0.551,1.31e-05,0.693,124.357,26b3oVLrRUaaybJulow9kz,1.0,0.0,2020s
0.621,0.873,-3.067,0.0369,0.0406,9.1e-06,0.873,97.96,5hM5arv9KDbCHS0k9uqwjr,1.0,1.0,2020s
0.75,0.608,-4.008,0.0387,0.00165,0.0,0.958,132.507,4pt5fDVTg5GhEvEtlz9dKk,1.0,1.0,2020s
0.838,0.525,-3.562,0.0665,0.345,1.92e-06,0.884,144.981,0QHEIqNKsMoOY5urbzN48u,1.0,1.0,2020s
0.714,0.728,-4.595,0.0468,0.298,0.0,0.901,114.996,1qEmFfgcLObUfQm0j1W2CK,1.0,1.0,2020s
0.78,0.689,-5.668,0.141,0.0368,9.69e-06,0.642,115.042,1xzi1Jcr7mEi9K2RfzLOqS,1.0,1.0,2020s
0.807,0.893,-3.745,0.0347,0.0451,2.79e-05,0.537,126.011,3rmo8F54jFF8OgYsqTxm5d,1.0,1.0,2020s
0.714,0.472,-7.375,0.0864,0.013,4.51e-06,0.238,131.121,3nqQXoyQOWXiESFLlDF1hG,0.0,0.0,2020s
0.604,0.366,-7.519,0.0282,0.578,0.0,0.13,141.981,46IZ0fSY2mpAiktS3KOqds,0.0,0.0,2020s
0.911,0.573,-7.43,0.288,0.38,0.0,0.972,140.04,3LtpKP5abr2qqjunvjlX5i,1.0,1.0,2020s
0.793,0.52,-7.457,0.0696,0.246,0.0,0.309,107.014,3p7XQpdt8Dr6oMXSvRZ9bg,0.0,0.0,2020s
0.726,0.431,-8.765,0.135,0.731,0.0,0.348,144.026,7eJMfftS33KTjuF7lTsMCx,0.0,0.0,2020s
0.65,0.825,-4.645,0.0325,0.0215,2.44e-05,0.593,118.091,37BZB0z9T8Xu7U3e65qxFy,1.0,1.0,2020s
0.664,0.405,-7.413,0.08,0.877,0.000765,0.743,81.89,43iIQbw5hx986dUEZbr3eN,1.0,0.0,2020s
0.677,0.696,-6.181,0.119,0.321,0.0,0.464,90.03,4iJyoBOLtHqaGxP12qzhQI,0.0,1.0,2020s
0.451,0.627,-4.59,0.127,0.591,0.00958,0.77,74.69,0dGqP4VickYjtIaB5VOt4H,1.0,1.0,2020s
0.696,0.809,-8.254,0.05,0.252,0.000128,0.857,132.962,6AQbmUe0Qwf5PZnt4HmTXv,1.0,1.0,2020s
0.539,0.508,-6.05,0.0288,0.727,0.0,0.227,101.358,0T5iIrXA4p5GsubkhuBIKV,0.0,0.0,2020s
0.762,0.766,-3.955,0.0343,0.00776,6.98e-05,0.442,130.001,5fwSHlTEWpluwOM0Sxnh5k,0.0,1.0,2020s
0.671,0.636,-8.117,0.103,0.515,0.000411,0.262,120.966,3uUuGVFu1V7jTQL60S1r8z,0.0,0.0,2020s
0.764,0.705,-3.463,0.0284,0.259,8.92e-05,0.781,110.97,3DarAbFujv6eYNliUTyqtz,1.0,1.0,2020s
0.709,0.548,-8.493,0.353,0.65,1.59e-06,0.543,83.995,1tkg4EHVoqnhR6iFEXb60y,1.0,0.0,2020s
0.701,0.716,-3.671,0.0361,0.174,0.0,0.732,91.007,4jPy3l0RUwlUI9T5XHBW2m,1.0,1.0,2020s
0.829,0.512,-5.865,0.187,0.492,0.0,0.638,80.511,4XvcHTUfIlWfyJTRG0aqlo,1.0,1.0,2020s
0.902,0.582,-5.902,0.109,0.111,3.18e-06,0.332,107.005,0wHFktze2PHC5jDt3B17DC,0.0,1.0,2020s
0.588,0.701,-6.39,0.0402,0.00813,0.0,0.443,104.988,3FeVmId7tL5YN8B7R3imoM,0.0,1.0,2020s
0.634,0.663,-6.818,0.0331,0.433,0.124,0.6,146.053,41P6Tnd8KIHqON0QIydx6a,1.0,0.0,2020s
0.664,0.609,-6.509,0.0707,0.304,0.0,0.194,130.041,3Vi5XqYrmQgOYBajMWSvCi,0.0,0.0,2020s
0.83,0.585,-6.476,0.094,0.237,0.0,0.485,109.978,6Im9k8u9iIzKMrmV7BWtlF,1.0,1.0,2020s
0.799,0.802,-5.196,0.0371,0.429,0.00128,0.811,107.008,1s7oOCT8vauUh01PbJD6ps,1.0,1.0,2020s
0.935,0.454,-7.509,0.375,0.0194,0.0,0.357,133.073,4Oun2ylbjFKMPTiaSbbCih,0.0,0.0,2020s
0.727,0.739,-3.805,0.0411,0.365,0.00137,0.533,93.005,2Xr1dTzJee307rmrkt8c0g,1.0,1.0,2020s
0.761,0.518,-8.871,0.134,0.244,3.47e-05,0.522,133.976,2SAqBLGA283SUiwJ3xOUVI,0.0,0.0,2020s
0.472,0.518,-7.379,0.051,0.383,0.127,0.154,147.805,26hOm7dTtBi0TdpDGl141t,0.0,0.0,2020s
0.731,0.573,-10.059,0.0544,0.401,5.22e-05,0.145,109.928,47EiUVwUp4C9fGccaPuUCS,0.0,0.0,2020s
